Dis No,Year,Seq,Glide,Disaster Group,Disaster Subgroup,Disaster Type,Disaster Subtype,Disaster Subsubtype,Event Name,Country,ISO,Region,Continent,Location,Origin,Associated Dis,Associated Dis2,OFDA Response,Appeal,Declaration,Aid Contribution,Dis Mag Value,Dis Mag Scale,Latitude,Longitude,Local Time,River Basin,Start Year,Start Month,Start Day,End Year,End Month,End Day,Total Deaths,No Injured,No Affected,No Homeless,Total Affected,Reconstruction Costs ('000 US$),"Reconstruction Costs, Adjusted ('000 US$)",Insured Damages ('000 US$),"Insured Damages, Adjusted ('000 US$)",Total Damages ('000 US$),"Total Damages, Adjusted ('000 US$)",CPI,Adm Level,Admin1 Code,Admin2 Code,Geo Locations
1993-0515-AUS,1993,515,,Natural,Meteorological,Extreme temperature,Heat wave,,,Australia,AUS,Australia and New Zealand,Oceania,South-east Australia,,,,,,,,,°C,,,,,1993,2,,1993,2,,17,500,3000000,,3000500,,,,,,,53.31162038,,,,
1990-0356-MEX,1990,356,,Natural,Meteorological,Extreme temperature,Heat wave,,,Mexico,MEX,Central America,Americas,North,,Drought,,,No,No,,,°C,,,,,1990,4,30,1990,6,6,380,,,,,,,,,,,48.21879729,,,,
1990-0085-FRA,1990,85,,Natural,Meteorological,Extreme temperature,Heat wave,,,France,FRA,Western Europe,Europe,Southwestern,,,,,,,,40,°C,,,,,1990,7,24,1990,7,24,5,,,,,,,,,,,48.21879729,,,,
1990-0388-KOR,1990,388,,Natural,Meteorological,Extreme temperature,Heat wave,,,Korea (the Republic of),KOR,Eastern Asia,Asia,,,,,,,,,,°C,,,,,1990,7,29,1990,7,29,40,,,,,,,,,,,48.21879729,,,,
1991-0279-PAK,1991,279,,Natural,Meteorological,Extreme temperature,Heat wave,,,Pakistan,PAK,Southern Asia,Asia,"Jacobabab, Nawabsma, Hyderabad (Sind province)",,,,,No,No,,53,°C,,,,,1991,6,1,1991,6,15,523,,250,,250,,,,,,,50.26085283,,,,
1990-0373-USA,1990,373,,Natural,Meteorological,Extreme temperature,Heat wave,,,United States of America (the),USA,Northern America,Americas,"Californie, Arizona, Colorado",,,,,,,,,°C,,,,,1990,6,25,1990,6,25,11,,,,,,,265000,549578,,,48.21879729,,,,
1993-0432-USA,1993,432,,Natural,Meteorological,Extreme temperature,Heat wave,,,United States of America (the),USA,Northern America,Americas,Boston (Washigton),,,,,,,,,°C,,,,,1993,6,,1993,6,,48,,,,,,,,,,,53.31162038,,,,
1994-0641-AUS,1994,641,,Natural,Meteorological,Extreme temperature,Heat wave,,,Australia,AUS,Australia and New Zealand,Oceania,Townsville,,,,,,,,,°C,,,,,1994,1,,1994,1,,5,150,100000,,100150,,,,,,,54.70169254,,,,
1994-0645-AUS,1994,645,,Natural,Meteorological,Extreme temperature,Heat wave,,,Australia,AUS,Australia and New Zealand,Oceania,Southern NSW,,,,,,,,44,°C,,,,,1994,12,,1994,12,,,34,1000000,,1000034,,,,,,,54.70169254,,,,
1994-0616-CHN,1994,616,,Natural,Meteorological,Extreme temperature,Heat wave,,,China,CHN,Eastern Asia,Asia,Beijing,,,,,,,,,°C,,,,,1994,8,,1994,8,,104,,,,,,,,,,,54.70169254,,,,
1995-0443-AUS,1995,443,,Natural,Meteorological,Extreme temperature,Heat wave,,,Australia,AUS,Australia and New Zealand,Oceania,Western Sydney,,,,,,,,,°C,,,,,1995,11,,1995,11,,1,100,500000,,500100,,,,,,,56.23630002,,,,
1997-0343-CHN,1997,343,,Natural,Meteorological,Extreme temperature,Heat wave,,,China,CHN,Eastern Asia,Asia,Beijing,,,,,,,,36,°C,,,,,1997,7,9,1997,7,9,16,,180,,180,,,,,,,59.23786573,,,,
1994-0624-IND,1994,624,,Natural,Meteorological,Extreme temperature,Heat wave,,,India,IND,Southern Asia,Asia,"New Delhi, Rajasthan, Madhya Pradesh",,,,,,,,49,°C,,,,,1994,5,,1994,5,,161,,,,,,,,,,,54.70169254,,,,
1995-0355-EGY,1995,355,,Natural,Meteorological,Extreme temperature,Heat wave,,,Egypt,EGY,Northern Africa,Africa,Nord,,,,,,,,46,°C,,,,,1995,6,12,1995,6,12,32,,,,,,,,,,,56.23630002,,,,
1995-0157-ESP,1995,157,,Natural,Meteorological,Extreme temperature,Heat wave,,,Spain,ESP,Southern Europe,Europe,Andalusia,,,,,,,,47,°C,,,,,1995,7,25,1995,7,25,30,70,,,70,,,,,,,56.23630002,,,,
1995-0112-IND,1995,112,,Natural,Meteorological,Extreme temperature,Heat wave,,,India,IND,Southern Asia,Asia,"Bihar, Punjab, Haryana and Jammu, Kashmir, Tamil Nadu, Maharashtra, Orissa, Uttar Pradesh, New Delhi, Rajasthan, Madhya Pradesh",,,,,No,No,,50,°C,,,,,1995,5,8,1995,6,21,558,,,,,,,,,,,56.23630002,,,,
1996-0367-EGY,1996,367,,Natural,Meteorological,Extreme temperature,Heat wave,,,Egypt,EGY,Northern Africa,Africa,,,,,,,,,44,°C,,,,,1996,7,7,1996,7,7,22,,,,,,,,,,,57.88470588,,,,
1996-0153-PAK,1996,153,,Natural,Meteorological,Extreme temperature,Heat wave,,,Pakistan,PAK,Southern Asia,Asia,Karachi,,,,,,,,40,°C,,,,,1996,6,19,1996,6,19,32,,,,,,,,,,,57.88470588,,,,
1997-0334-PAK,1997,334,,Natural,Meteorological,Extreme temperature,Heat wave,,,Pakistan,PAK,Southern Asia,Asia,N.A. on the source,,,,,,,,46,°C,,,,,1997,6,16,1997,6,16,100,,,,,,,,,,,59.23786573,,,,
1998-0241-CYP,1998,241,,Natural,Meteorological,Extreme temperature,Heat wave,,,Cyprus,CYP,Western Asia,Asia,,,,,,,,,43,°C,,,,,1998,8,10,1998,8,10,52,100,,,100,,,,,,,60.15741089,,,,
1998-0217-IND,1998,217,,Natural,Meteorological,Extreme temperature,Heat wave,,,India,IND,Southern Asia,Asia,"Orissa, Andhra Pradesh, Rajasthan, Madhya Pradesh, Uttar Pradesh, Gujarat states",,,,,,,,50,°C,,,,,1998,5,26,1998,5,26,2541,,,,,,,,,,,60.15741089,,,,
1998-0204-ITA,1998,204,,Natural,Meteorological,Extreme temperature,Heat wave,,,Italy,ITA,Southern Europe,Europe,Calabria,,,,,,,,46,°C,,,,,1998,7,4,1998,7,4,10,,,,,,,,,,,60.15741089,,,,
1994-0759-ROU,1994,759,,Natural,Meteorological,Extreme temperature,Heat wave,,,Romania,ROU,Eastern Europe,Europe,,,,,,,,,60,°C,,,,,1994,5,,1994,5,,,,,,,,,,,,,54.70169254,,,,
1995-0363-RUS,1995,363,,Natural,Meteorological,Extreme temperature,Heat wave,,,Russian Federation (the),RUS,Eastern Europe,Europe,Moscou,,,,,,,,,°C,,,,,1995,6,14,1995,6,14,20,,,,,,,,,,,56.23630002,,,,
1995-0150-USA,1995,150,,Natural,Meteorological,Extreme temperature,Heat wave,,,United States of America (the),USA,Northern America,Americas,"Missouri, Oklahoma, Ilinois, Wisconsin, Iowa, New-York, Chicago, Washington (Dc)",,,,,,,,,°C,,,,,1995,7,14,1995,7,14,670,,,,,,,,,,,56.23630002,,,,
1996-0362-ROU,1996,362,,Natural,Meteorological,Extreme temperature,Heat wave,,,Romania,ROU,Eastern Europe,Europe,,,,,,,,,40,°C,,,,,1996,7,4,1996,7,4,16,200,,,200,,,,,,,57.88470588,,,,
1998-0212-USA,1998,212,,Natural,Meteorological,Extreme temperature,Heat wave,,,United States of America (the),USA,Northern America,Americas,"Arizona, Florida, Colorado, Texas, Oklahoma, LA",,Drought,,,No,No,,38,°C,,,,,1998,5,1,1998,7,20,130,,,,,,,,,4275000,7106356,60.15741089,,,,
1998-0250-ROU,1998,250,,Natural,Meteorological,Extreme temperature,Heat wave,,,Romania,ROU,Eastern Europe,Europe,,,,,,,,,39,°C,,,,,1998,8,3,1998,8,3,20,,,,,,,,,,,60.15741089,,,,
2000-0382-BGR,2000,382,,Natural,Meteorological,Extreme temperature,Heat wave,,,Bulgaria,BGR,Eastern Europe,Europe,"Sofia, Sofia-city, Stata Zagora, Blagoevgrad, Vidin provinces",,,,,,,,43,°C,,,,,2000,6,,2000,7,,7,,,,,,,,,50,79,63.54954734,1,702;722;723;724;728,,"Blagoevgrad, Sofia, Sofia-city, Stara Zagora, Vidin (Adm1)."
1999-0125-IND,1999,125,,Natural,Meteorological,Extreme temperature,Heat wave,,,India,IND,Southern Asia,Asia,"Orissa, Andhra Pradesh, Gujurat, Uttar Pradesh",,,,,,,,47,°C,,,,,1999,4,,1999,4,,140,,,,,,,,,,,61.47366718,,,,
1999-0702-LTU,1999,702,,Natural,Meteorological,Extreme temperature,Heat wave,,,Lithuania,LTU,Northern Europe,Europe,,,,,,,,,,°C,,,,,1999,6,14,1999,6,14,32,,,,,,,,,,,61.47366718,,,,
2000-0398-CYP,2000,398,,Natural,Meteorological,Extreme temperature,Heat wave,,,Cyprus,CYP,Western Asia,Asia,Nicosia province,,,,,,,,43,°C,,,,,2000,7,,2000,7,,5,400,,,400,,,,,,,63.54954734,1,1028,,Nicosia (Adm1).
2000-0379-GRC,2000,379,,Natural,Meteorological,Extreme temperature,Heat wave,,,Greece,GRC,Southern Europe,Europe,"Anatoliki Makedonia Kai Thraki, Attiki, Dytiki Ellada, Dytiki Makedonia, Ionioi Nisoi, Ipeiros, Kentriki Makedonia, Kriti, Peloponnisos, Sterea Ellada, Thessalia, Voreio Aigaio, Notio Aigaio provinces",,,,,,,,44,°C,,,,,2000,7,,2000,7,,27,176,,,176,,,,,3000,4721,63.54954734,1,1336;1337;1338;1339;1340;1341;1342;1343;1345;1346;1347;1348;40766,,"Anatoliki Makedonia Kai Thraki, Attiki, Dytiki Ellada, Dytiki Makedonia, Ionioi Nisoi, Ipeiros, Kentriki Makedonia, Kriti, Notio Aigaio, Peloponnisos, Sterea Ellada, Thessalia, Voreio Aigaio (Adm1)."
2000-0324-HRV,2000,324,,Natural,Meteorological,Extreme temperature,Heat wave,,,Croatia,HRV,Southern Europe,Europe,"Zagreb city (Zagreb province), Split city (Split-dalmatija province), Osijek city (Osijek-baranja province), Rijeka city (Primorje-gorski Kota province)",,,,,,,,35,°C,,,,,2000,6,,2000,6,,40,200,,,200,,,,,240000,377658,63.54954734,1,997;999;1003;1008,,"Osijek-baranja, Primorje-gorski Kota, Split-dalmatija, Zagreb (Adm1)."
2000-0473-ISR,2000,473,,Natural,Meteorological,Extreme temperature,Heat wave,,,Israel,ISR,Western Asia,Asia,"Central District, Haifa, Jerusalem, Northern, Southern District, Tel Aviv provinces",,,,,,,,45,°C,,,,,2000,7,,2000,7,,,,,,,,,,,,,63.54954734,1,1610;1611;1612;1613;1614;1615,,"Central District, Haifa, Jerusalem, Northern, Southern District, Tel Aviv (Adm1)."
2000-0471-JOR,2000,471,,Natural,Meteorological,Extreme temperature,Heat wave,,,Jordan,JOR,Western Asia,Asia,Amman province,,,,,,,,43,°C,,,,,2000,7,,2000,7,,,12,,,12,,,,,,,63.54954734,1,1705,,Amman (Adm1).
2000-0487-MAR,2000,487,,Natural,Meteorological,Extreme temperature,Heat wave,,,Morocco,MAR,Northern Africa,Africa,"Settat district (Chaouia-Ouardigha province), Casablanca district (Grand Casablanca province), Gharb-Chrarda-Beni Hssen province",,,,,,,,51,°C,,,,,2000,8,,2000,8,,,,,,,,,,,809,1273,63.54954734,1;2,147329,21806;147343,"Gharb-Chrarda-Beni Hssen (Adm1). Casablanca, Settat (Adm2)."
1999-0246-USA,1999,246,,Natural,Meteorological,Extreme temperature,Heat wave,,,United States of America (the),USA,Northern America,Americas,"Illinois, Missouri, Wisconsin, Ohio, Sth.Carolina, Ohlahoma, Kentucky, Indiana, Tennessee, Nth.Carolina, Kansas, Georgia, Arkansas, Maryland, Nebraska, N-York, Pennsylvania, Louisiana, Michigan, Minnesota, Alabama",,Drought,,,No,Yes,,40,°C,,,,,1999,7,,1999,8,,257,,,,,,,,,1000000,1626713,61.47366718,,,,
1999-0131-PAK,1999,131,,Natural,Meteorological,Extreme temperature,Heat wave,,,Pakistan,PAK,Southern Asia,Asia,,,,,,,,,,°C,,,,,1999,4,,1999,4,,11,,,,,,,,,,,61.47366718,,,,
2000-0381-TUR,2000,381,,Natural,Meteorological,Extreme temperature,Heat wave,,,Turkey,TUR,Western Asia,Asia,"Adana, Adiyaman, Afyon, Agri, Aksaray, Amasya, Ankara, Antalya, Ardahan, Artvin, Aydin, Balikesir, Bartin, Batman, Bayburt, Bilecik, Bingol, Bitlis, Bolu, Burdur, Bursa, Canakkale, Cankiri, Corum, Denizli, Diyarbakir, Edirne, Elazig, Erzincan, Erzurum, Eskisehir, Gaziantep, Giresun, Gumushane, Hakkari, Hatay, Icel, Igdir, Isparta, Istanbul, Izmir, K.maras, Karabuk, Karaman, Kars, Kastamonu, Kayseri, Kilis, Kirikkale, Kirklareli, Kirsehir, Kocaeli, Konya, Kutahya, Malatya, Manisa, Mardin, Mugla, Mus, Nevsehir, Nigde, Ordu, Osmaniye, Rize, Sakarya, Samsun, Sanliurfa, Siirt, Sinop, Sirnak, Sivas, Tekirdag, Tokat, Trabzon, Tunceli, Usak, Van, Yalova, Yozgat, Zonguldak provinces",,Drought,,,,,,46,°C,,,,,2000,6,,2000,7,,11,300,,,300,,,,,1000,1574,63.54954734,1,3017;3018;3019;3020;3021;3022;3023;3024;3025;3026;3027;3028;3029;3030;3031;3032;3033;3034;3035;3036;3037;3038;3039;3040;3041;3042;3043;3044;3045;3046;3047;3048;3049;3050;3051;3052;3053;3054;3055;3056;3057;3058;3059;3060;3061;3062;3063;3064;3065;3066;3067;3068;3069;3070;3071;3072;3073;3074;3075;3076;3077;3078;3079;3080;3081;3082;3083;3084;3085;3086;3087;3088;3089;3090;3091;3092;3093;3094;3095;3096,,"Adana, Adiyaman, Afyon, Agri, Aksaray, Amasya, Ankara, Antalya, Ardahan, Artvin, Aydin, Balikesir, Bartin, Batman, Bayburt, Bilecik, Bingol, Bitlis, Bolu, Burdur, Bursa, Canakkale, Cankiri, Corum, Denizli, Diyarbakir, Edirne, Elazig, Erzincan, Erzurum, Eskisehir, Gaziantep, Giresun, Gumushane, Hakkari, Hatay, Icel, Igdir, Isparta, Istanbul, Izmir, K.maras, Karabuk, Karaman, Kars, Kastamonu, Kayseri, Kilis, Kirikkale, Kirklareli, Kirsehir, Kocaeli, Konya, Kutahya, Malatya, Manisa, Mardin, Mugla, Mus, Nevsehir, Nigde, Ordu, Osmaniye, Rize, Sakarya, Samsun, Sanliurfa, Siirt, Sinop, Sirnak, Sivas, Tekirdag, Tokat, Trabzon, Tunceli, Usak, Van, Yalova, Yozgat, Zonguldak (Adm1)."
2000-0351-PAK,2000,351,,Natural,Meteorological,Extreme temperature,Heat wave,,,Pakistan,PAK,Southern Asia,Asia,Punjab province,,,,,,,,46,°C,,,,,2000,6,,2000,6,,24,,,,,,,,,,,63.54954734,1,2276,,Punjab (Adm1).
2000-0380-ROU,2000,380,,Natural,Meteorological,Extreme temperature,Heat wave,,,Romania,ROU,Eastern Europe,Europe,"Bucuresti, Dolj provinces",,,,,,,,43,°C,,,,,2000,7,,2000,7,,6,100,,,100,,,,,,,63.54954734,1,2455;2463,,"Bucuresti, Dolj (Adm1)."
2000-0433-USA,2000,433,,Natural,Meteorological,Extreme temperature,Heat wave,,,United States of America (the),USA,Northern America,Americas,"Texas, Louisiana, Alabama provinces",,,,,,,,38,°C,,,,,2000,7,,2000,7,,35,,,,,,,,,,,63.54954734,1,3214;3232;3257,,"Alabama, Louisiana, Texas (Adm1)."
2002-0531-CHN,2002,531,,Natural,Meteorological,Extreme temperature,Heat wave,,,China,CHN,Eastern Asia,Asia,"Chongqing Shi province, Shijiazhuang district (Hebei Sheng province)",,,,,,,,43,°C,,,,,2002,7,,2002,7,,7,3500,,,3500,,,,,,,66.3819637,1;2,900,13075,Chongqing Shi (Adm1). Shijiazhuang (Adm2).
2002-0290-IND,2002,290,,Natural,Meteorological,Extreme temperature,Heat wave,,,India,IND,Southern Asia,Asia,"Madhya Pradesh, Andhra Pradesh, Uttar Pradesh, Delhi, Rajasthan, Punjab, Haryana, Orissa, West Bengal provinces",,,,,,,,50,°C,,,,,2002,5,10,2002,5,22,1030,,,,,,,,,,,66.3819637,1,1485;1489;1492;1504;1505;1506;1511;70079;70081,,"Andhra Pradesh, Delhi, Haryana, Madhya Pradesh, Orissa, Punjab, Rajasthan, Uttar Pradesh, West Bengal (Adm1)."
2001-0779-NZL,2001,779,,Natural,Meteorological,Extreme temperature,Heat wave,,,New Zealand,NZL,Australia and New Zealand,Oceania,"Canterbury, Nelson-marlborough, Otago, Southland, Westland provinces",,Drought,,,,,,,°C,,,,,2001,1,,2001,4,,,,,,,,,,,200000,306065,65.34555871,1,2173;2176;2178;2179;2184,,"Canterbury, Nelson-marlborough, Otago, Southland, Westland (Adm1)."
2001-0404-RUS,2001,404,,Natural,Meteorological,Extreme temperature,Heat wave,,,Russian Federation (the),RUS,Eastern Europe,Europe,"Moskva, Moskovskaya Oblast provinces",,,,,,,,30,°C,,,,,2001,7,,2001,7,,276,,,,,,,,,,,65.34555871,1,2534;2535,,"Moskovskaya Oblast, Moskva (Adm1)."
2001-0770-USA,2001,770,,Natural,Meteorological,Extreme temperature,Heat wave,,,United States of America (the),USA,Northern America,Americas,"Illinois, Indiana, Iowa, Kansas, Michigan, Minnesota, Missouri, Nebraska, North Dakota, Ohio, South Dakota, Wisconsin provinces",,,,,,,,,°C,,,,,2001,8,,2001,8,,56,,,,,,,,,,,65.34555871,1,3227;3228;3229;3230;3236;3237;3239;3241;3248;3249;3255;3263,,"Illinois, Indiana, Iowa, Kansas, Michigan, Minnesota, Missouri, Nebraska, North Dakota, Ohio, South Dakota, Wisconsin (Adm1)."
2002-0354-NGA,2002,354,,Natural,Meteorological,Extreme temperature,Heat wave,,,Nigeria,NGA,Western Africa,Africa,Maiduguri district (Borno province),,,,,,,,60,°C,,,,,2002,6,,2002,6,,60,,,,,,,,,,,66.3819637,2,,191040,Maiduguri (Adm2).
2002-0284-PAK,2002,284,,Natural,Meteorological,Extreme temperature,Heat wave,,,Pakistan,PAK,Southern Asia,Asia,"Balochistan, Punjab, Sindh provinces",,,,,,,,50,°C,,,,,2002,5,,2002,5,,113,24,,,24,,,,,,,66.3819637,1,2272;2276;2277,,"Balochistan, Punjab, Sindh (Adm1)."
2002-0355-USA,2002,355,,Natural,Meteorological,Extreme temperature,Heat wave,,,United States of America (the),USA,Northern America,Americas,Arizona province,,,,,,,,,°C,,,,,2002,6,,2002,6,,14,,,,,,,,,,,66.3819637,1,3216,,Arizona (Adm1).
2003-0391-AUT,2003,391,,Natural,Meteorological,Extreme temperature,Heat wave,,,Austria,AUT,Western Europe,Europe,"Burgenland, Karnten, Niederosterreich, Oberosterreich, Steiernark, Salzburg, Tirol, Voralberg, Wien provinces",,Wildfire,Drought,,,,,,°C,,,,,2003,7,,2003,8,,345,,,,,,,,,280000,412439,67.88889569,1,478;479;480;481;482;483;484;485;486,,"Burgenland, Karnten, Niederosterreich, Oberosterreich, Salzburg, Steiermark, Tirol, Vorarlberg, Wien (Adm1)."
2003-0391-BEL,2003,391,,Natural,Meteorological,Extreme temperature,Heat wave,,,Belgium,BEL,Western Europe,Europe,"Region de Bruxelles-Capitale/Brussels Hoofdstedelijk Gewes, Region wallonne, Vlaams Gewest provinces",,Drought,,,,,,,°C,,,,,2003,8,1,2003,8,15,1175,,,,,,,,,,,67.88889569,1,600;601;602,,"Region de Bruxelles-Capitale / Brussels Hoofdstedelijk Gewes, Region wallonne, Vlaams Gewest (Adm1)."
2004-0333-ALB,2004,333,,Natural,Meteorological,Extreme temperature,Heat wave,,,Albania,ALB,Southern Europe,Europe,"Durres city (Durres district, Durres province)",,,,,,,,38,°C,,,,,2004,7,1,2004,7,,3,,,,,,,,,,,69.70644216,2,,3819,Durres (Adm2).
2003-0391-CHE,2003,391,,Natural,Meteorological,Extreme temperature,Heat wave,,,Switzerland,CHE,Western Europe,Europe,"Aargau, Appenzll Ausser-rhoden, Appenzell Inner-rhoden, Basel-landschaft, Basel-stadt, Bern, Friboug, Genève, Glaurus, Graubünden, Jura, Luzern, Neuchâtel, Nidwalden, Obwalden, Sankt Gallen, Schaffhaussen, Schwyz, Solothurn, Thurgau, Ticino, Uri, Valais, Vaud, Zug, Zurich provinces",,Drought,,,,,,,°C,,,,,2003,7,,2003,7,,1039,,,,,,,,,280000,412439,67.88889569,1,2807;2808;2809;2810;2811;2812;2813;2814;2815;2816;2817;2818;2819;2820;2821;2822;2823;2824;2825;2826;2827;2828;2829;2830;2831;2832,,"Aargau, Appenzell Ausser-rhoden, Appenzell Inner-rhoden, Basel-landschaft, Basel-stadt, Bern, Fribourg, Geneve, Glarus, Graubunden, Jura, Luzern, Neuchatel, Nidwalden, Obwalden, Sankt Gallen, Schaffhausen, Schwyz, Solothurn, Thurgau, Ticino, Uri, Valais, Vaud, Zug, Zurich (Adm1)."
2003-0391-DEU,2003,391,,Natural,Meteorological,Extreme temperature,Heat wave,,,Germany,DEU,Western Europe,Europe,"Baden-Wuerttemberg, Bayern, Berlin, Brandenburg, Bremen, Hamburg, Hessen, Mecklenburg-Vorpommern, Nierdersachsen, Nordrhein-Westfalen, Rheinland-Pfalz, Saarland, Sachsen, Sachsen-Anhalt, Schleswig-Holstein, Thueringen provinces",,Drought,,,,,,,°C,,,,,2003,8,,2003,8,,9355,,,,,,,10000,14730,1650000,2430442,67.88889569,1,1308;1309;1310;1311;1312;1313;1314;1315;1316;1317;1318;1319;1320;1321;1322;1323,,"Baden-Wuerttemberg, Bayern, Berlin, Brandenburg, Bremen, Hamburg, Hessen, Mecklenburg-Vorpommern, Niedersachsen, Nordrhein-Westfalen, Rheinland-Pfalz, Saarland, Sachsen, Sachsen-Anhalt, Schleswig-Holstein, Thueringen (Adm1)."
2003-0391-ESP,2003,391,,Natural,Meteorological,Extreme temperature,Heat wave,,,Spain,ESP,Southern Europe,Europe,Andaloucia province,,Drought,,,,,,40,°C,,,,,2003,8,1,2003,8,11,15090,,,,,,,,,880000,1296236,67.88889569,1,2716,,Andalucía (Adm1).
2003-0391-FRA,2003,391,,Natural,Meteorological,Extreme temperature,Heat wave,,,France,FRA,Western Europe,Europe,"Alsace, Aquitaine, Auvergne, Basse-Normandie, Bourgogne, Bretagne, Centre, Champagne-Ardenne, Corse, Franche-Compte, Haute-Normandie, Ile-de-France, Languedoc-Rousillon, Limousin, Lorraine, Nord-Pas-de-Calais, Pays-de-la-Loire, Picardie, Poitou-Charentes, Provence-Alpes-Côte-D'azur, Rhône-Alpes, Midi-Pyrénées provinces",,Drought,,,,,,43,°C,,,,,2003,8,1,2003,8,20,19490,,,,,,,,,4400000,6481178,67.88889569,1,1248;1249;1250;1251;1252;1253;1254;1255;1256;1257;1258;1259;1260;1262;1263;1264;1265;1266;1267;1268;1269;1270,,"Alsace, Aquitaine, Auvergne, Basse-Normandie, Bourgogne, Bretagne, Centre, Champagne-Ardenne, Corse, Franche-Comte, Haute-Normandie, Ile-de-France, Languedoc-Rousillon, Limousin, Lorraine, Midi-Pyrenees, Nord-Pas-de-Calais, Pays-de-la-Loire, Picardie, Poitou-Charentes, Provence-Alpes-Cote-d'Azur, Rhone-Alpes (Adm1)."
2003-0391-HRV,2003,391,,Natural,Meteorological,Extreme temperature,Heat wave,,,Croatia,HRV,Southern Europe,Europe,"Bjelovar-bilogora, Dubrovnik-Neretva, Grad Zagreb, Istra, Karlovac, Koprivnica-krizevci, Krapina-zagorje, Lika-senj, Medimurje, Osijek-baranja, Pozega-slavonija, Primorje-gorski Kota, Šibenik, Sisak-moslavina, Slavonski Brod-posav, Split-dalmatija, Varazdin, Virovitica-podravina, Vukovar-srijem, Zadar-Knin, Zagreb provinces",,Drought,,,,,,,°C,,,,,2003,7,,2003,7,,788,,,,,,,,,,,67.88889569,1,988;989;990;991;992;993;994;995;996;997;998;999;1000;1001;1002;1003;1004;1005;1006;1007;1008,,"Bjelovar-bilogora, Dubrovnik-neretva, Grad Zagreb, Istra, Karlovac, Koprivnica-krizevci, Krapina-zagorje, Lika-senj, Medimurje, Osijek-baranja, Pozega-slavonija, Primorje-gorski Kota, Sibenik, Sisak-moslavina, Slavonski Brod-posav, Split-dalmatija, Varazdin, Virovitica-podravina, Vukovar-srijem, Zadar-knin, Zagreb (Adm1)."
2003-0250-IND,2003,250,,Natural,Meteorological,Extreme temperature,Heat wave,,,India,IND,Southern Asia,Asia,"Andhra Pradesh, Orissa, Tamil Nadu, Vidarbha (=part of Maharashtra), Chhattisgarh, Jharkland, Uttar Pradesh, Rajasthan, Madhya Pradesh, Bihar provinces",,Drought,,,,,,49,°C,,,,,2003,5,14,2003,6,6,1210,,,,,,,,,400000,589198,67.88889569,1,1485;1498;1504;1506;1508;70073;70075;70078;70079;70081,,"Andhra Pradesh, Bihar, Chhattisgarh, Jharkhand, Madhya Pradesh, Maharashtra, Orissa, Rajasthan, Tamil Nadu, Uttar Pradesh (Adm1)."
2003-0391-ITA,2003,391,,Natural,Meteorological,Extreme temperature,Heat wave,,,Italy,ITA,Southern Europe,Europe,"Milano, Varese districts (Lombardia province), Torino district (Piemonte province), Firenze district (Toscana province), Lecce district (Puglia province), Genova district (Liguria province)",,Drought,,,,,,,°C,,,,,2003,7,16,2003,8,15,20089,,,,,,,,,4400000,6481178,67.88889569,2,,18352;18363;18366;18378;18384;18400,"Firenze, Genova, Lecce, Milano, Torino, Varese (Adm2)."
2003-0250-BGD,2003,250,,Natural,Meteorological,Extreme temperature,Heat wave,,,Bangladesh,BGD,Southern Asia,Asia,"Dhaka, Khulna, Rajshahi provinces",,,,,,,,40,°C,,,,,2003,5,10,2003,6,12,62,,,,,,,,,,,67.88889569,1,577;578;61362,,"Dhaka, Khulna, Rajshahi (Adm1)."
2003-0391-CZE,2003,391,,Natural,Meteorological,Extreme temperature,Heat wave,,,Czech Republic (the),CZE,Eastern Europe,Europe,"Jihocesky, Jihomoravsky, Praha, Severocesky, Severomoravsky, Stredocesky, Vychodocesky, Zapadocesky provinces",,,,,,,,,°C,,,,,2003,7,,2003,7,,418,,,,,,,,,,,67.88889569,1,1030;1031;1032;1033;1034;1035;1036;1037,,"Jihocesky, Jihomoravsky, Praha, Severocesky, Severomoravsky, Stredocesky, Vychodocesky, Zapadocesky (Adm1)."
2003-0785-DZA,2003,785,,Natural,Meteorological,Extreme temperature,Heat wave,,,Algeria,DZA,Northern Africa,Africa,Adrar (province?/district?),,,,,,,,47,°C,,,,,2003,6,21,2003,7,21,40,,,,,,,,,,,67.88889569,2,,37631,Adrar (Adm2).
2003-0391-GBR,2003,391,,Natural,Meteorological,Extreme temperature,Heat wave,,,United Kingdom of Great Britain and Northern Ireland (the),GBR,Northern Europe,Europe,"England, Wales provinces",,,,,,,,,°C,,,,,2003,7,,2003,7,,301,,,,,,,,,,,67.88889569,1,3182;3186,,"England, Wales (Adm1)."
2004-0310-CHN,2004,310,,Natural,Meteorological,Extreme temperature,Heat wave,,,China,CHN,Eastern Asia,Asia,"Guangzhou city (Guangzhou district, Guangdong Sheng province)",,,,,,,,39,°C,,,,,2004,7,2,2004,7,3,39,,,,,,,,,,,69.70644216,2,,13028,Guangzhou (Adm2).
2004-0361-ESP,2004,361,,Natural,Meteorological,Extreme temperature,Heat wave,,,Spain,ESP,Southern Europe,Europe,"Andalucía, Castilla-La Mancha, Comunidad de Madrid, Comunitat Valenciana, Extremadura, Región de Murcia provinces",,,,,,,,,°C,,,,,2004,7,26,2004,7,30,26,,,,,,,,,,,69.70644216,1,2716;2723;2726;2727;2729;2731,,"Andalucía, Castilla-La Mancha, Comunidad de Madrid, Comunitat Valenciana, Extremadura, Región de Murcia (Adm1)."
2004-0352-JPN,2004,352,,Natural,Meteorological,Extreme temperature,Heat wave,,,Japan,JPN,Eastern Asia,Asia,Tokyo city (Tookyoo province),,,,,,,,40,°C,,,,,2004,7,,2004,8,,10,300,,,300,,,,,,,69.70644216,1,1690,,Tookyoo (Adm1).
2003-0391-SVN,2003,391,,Natural,Meteorological,Extreme temperature,Heat wave,,,Slovenia,SVN,Southern Europe,Europe,"Gorenjska, Goriska, Jugovzodna Slovenija, Koroska, Notranjsko-kraska, Obalno-kraska, Osrednjeslovenska, Podravska, Pomurska, Savinjska, Spodnjeposavska, Zavaska provinces",,Drought,Wildfire,,,,,,°C,,,,,2003,7,,2003,8,,289,,,,,,,,,80000,117840,67.88889569,1,2675;2676;2677;2678;2679;2680;2681;2682;2683;2684;2685;2686,,"Gorenjska, Goriska, Jugovzodna Slovenija, Koroska, Notranjsko-kraska, Obalno-kraska, Osrednjeslovenska, Podravska, Pomurska, Savinjska, Spodnjeposavska, Zasavska (Adm1)."
2003-0391-SVK,2003,391,,Natural,Meteorological,Extreme temperature,Heat wave,,,Slovakia,SVK,Eastern Europe,Europe,"Banka Bystrica, Bratislava, Kosice, Nitra, Presov, Trencin, Trnava, Zilna provinces",,Drought,,,,,,,°C,,,,,2003,7,,2003,8,,,,,,,,,,,150000,220949,67.88889569,1,2667;2668;2669;2670;2671;2672;2673;2674,,"Banska Bystrica, Bratislava, Kosice, Nitra, Presov, Trencin, Trnava, Zilna (Adm1)."
2003-0391-LUX,2003,391,,Natural,Meteorological,Extreme temperature,Heat wave,,,Luxembourg,LUX,Western Europe,Europe,"Diekirch, Grevenmacher, Luxembourg provinces",,,,,,,,,°C,,,,,2003,7,,2003,7,,170,,,,,,,,,,,67.88889569,1,1876;1877;1878,,"Diekirch, Grevenmacher, Luxembourg (Adm1)."
2003-0391-NLD,2003,391,,Natural,Meteorological,Extreme temperature,Heat wave,,,Netherlands (the),NLD,Western Europe,Europe,"Drenthe, Flevoland, Friesland, Gelderland, Groninge, Limburg, Noord-brabant, Noord-holland,Overijssel, Utrecht, Zeeland, Zuit-holland provinces",,,,,,,,,°C,,,,,2003,7,31,2003,8,13,965,,,,,,,,,,,67.88889569,1,2158;2159;2160;2161;2162;2163;2164;2165;2166;2167;2168;2169,,"Drenthe, Flevoland, Friesland, Gelderland, Groningen, Limburg, Noord-brabant, Noord-holland, Overijssel, Utrecht, Zeeland, Zuid-holland (Adm1)."
2003-0250-PAK,2003,250,,Natural,Meteorological,Extreme temperature,Heat wave,,,Pakistan,PAK,Southern Asia,Asia,Punjab province,,,,,,,,50,°C,,,,,2003,5,1,2003,6,6,200,,,,,,,,,,,67.88889569,1,2276,,Punjab (Adm1).
2003-0391-PRT,2003,391,,Natural,Meteorological,Extreme temperature,Heat wave,,,Portugal,PRT,Southern Europe,Europe,"Aveiro, Beja, Braga, Braganca, Castelo Branco, Coimbra, Evora, Faro, Guadra, Leiria, Lisboa, Portoalegre, Porto, Santarem, Setubal, Viana Do Castelo, Vila Real, Viseu provinces",,,,,,,,,°C,,,,,2003,8,,2003,8,,2696,,,,,,,,,,,67.88889569,1,2386;2387;2388;2389;2390;2391;2392;2393;2394;2405;2406;2407;2408;2409;2410;2411;2412;2413,,"Aveiro, Beja, Braga, Braganca, Castelo Branco, Coimbra, Evora, Faro, Guarda, Leiria, Lisboa, Portalegre, Porto, Santarem, Setubal, Viana Do Castelo, Vila Real, Viseu (Adm1)."
2004-0333-MKD,2004,333,,Natural,Meteorological,Extreme temperature,Heat wave,,,Macedonia (the former Yugoslav Republic of),MKD,Southern Europe,Europe,"Berovo, Bitola, Brod, Debar, Delcevo, Demir Hisar, Gevgelija, Gostivar, Kavadarci, Kicevo, Kocani, Kratovo, Kriva Palanka, Krusevo, Kumanovo, Negotino, Ohrid, Prilep, Probistip, Radovic, Resen, Skopje, Stip, Struga, Strumica, Sveti Nikole, Tetovo, Valandovo, Veles, Vinica provinces",,,,,,,,43,°C,,,,,2004,7,1,2004,7,,15,,,,,,,,,,,69.70644216,1,2927;2928;2929;2930;2931;2932;2933;2934;2935;2936;2937;2938;2939;2940;2941;2942;2943;2944;2945;2946;2947;2948;2949;2950;2951;2952;2953;2954;2955;2956,,"Berovo, Bitola, Brod, Debar, Delcevo, Demir Hisar, Gevgelija, Gostivar, Kavadarci, Kicevo, Kocani, Kratovo, Kriva Palanka, Krusevo, Kumanovo, Negotino, Ohrid, Prilep, Probistip, Radovic, Resen, Skopje, Stip, Struga, Strumica, Sveti Nikole, Tetovo, Valandovo, Veles, Vinica (Adm1)."
2004-0333-ROU,2004,333,,Natural,Meteorological,Extreme temperature,Heat wave,,,Romania,ROU,Eastern Europe,Europe,"Alba, Arad, Arges, Bacau, Bihor, Bistrita-nasaud, Botosani, Braila, Brasov, Bucuresti, Buzau, Calarasi, Caras-severin, Cluj, Constanta, Covasna, Dimbovita, Boj, Galati, Giurgiu, Gorj, Harghita, Hunedoara, Ialomita, Iasi, Maramures, Mehedinti, Mures, Neamt, Olt, Prahova, Salaj, Satu Mare, Sibiu, Suceava, Teleorman, Timis, Tulcea, Vaslui, Vilcea, Vrancea provinces",,,,,,,,38,°C,,,,,2004,7,1,2004,7,,27,,,,,,,,,,,69.70644216,1,2446;2447;2448;2449;2450;2451;2452;2453;2454;2455;2456;2457;2458;2459;2460;2461;2462;2463;2464;2465;2466;2467;2468;2469;2470;2471;2472;2473;2474;2475;2476;2477;2478;2479;2480;2481;2482;2483;2484;2485;2486,,"Alba, Arad, Arges, Bacau, Bihor, Bistrita-nasaud, Botosani, Braila, Brasov, Bucuresti, Buzau, Calarasi, Caras-severin, Cluj, Constanta, Covasna, Dimbovita, Dolj, Galati, Giurgiu, Gorj, Harghita, Hunedoara, Ialomita, Iasi, Maramures, Mehedinti, Mures, Neamt, Olt, Prahova, Salaj, Satu Mare, Sibiu, Suceava, Teleorman, Timis, Tulcea, Vaslui, Vilcea, Vrancea (Adm1)."
2005-0323-BGD,2005,323,,Natural,Meteorological,Extreme temperature,Heat wave,,,Bangladesh,BGD,Southern Asia,Asia,"Barisal, Chittagong, Dhaka, Khulna, Rajshahi, Rangpur, Sylhet provinces",,,,,,,,,°C,,,,,2005,7,,2005,7,,,,,,,,,,,,,72.07141045,1,575;576;577;578;580;61362;61363,,"Barisal, Chittagong, Dhaka, Khulna, Rajshahi, Rangpur, Sylhet (Adm1)."
2005-0339-CHN,2005,339,,Natural,Meteorological,Extreme temperature,Heat wave,,,China,CHN,Eastern Asia,Asia,Shanghai city (Shanghai Shi province),,,,,,,,39,°C,,,,,2005,7,,2005,7,,,200,,,200,,,,,,,72.07141045,1,922,,Shanghai Shi (Adm1).
2005-0323-IND,2005,323,,Natural,Meteorological,Extreme temperature,Heat wave,,,India,IND,Southern Asia,Asia,"Uttar Pradesh, Bihar, West Bengal, Orissa, Maharashtra, Andhra Pradesh provinces",,,,,,,,49,°C,,,,,2005,6,,2005,6,,329,,,,,,,,,,,72.07141045,1,1485;1498;1504;1511;70073;70081,,"Andhra Pradesh, Bihar, Maharashtra, Orissa, Uttar Pradesh, West Bengal (Adm1)."
2006-0383-BEL,2006,383,,Natural,Meteorological,Extreme temperature,Heat wave,,,Belgium,BEL,Western Europe,Europe,"Vlaams Geweest, Region de bruxelles-Capitale/Brussels Hoofdstedelijk Gewes, Region wallonne",,,,,,,,,°C,,,,,2006,6,,2006,7,,940,,,,,,,,,,,74.39638749,1,600;601;602,,"Region de Bruxelles-Capitale / Brussels Hoofdstedelijk Gewes, Region wallonne, Vlaams Gewest (Adm1)."
2006-0383-DEU,2006,383,,Natural,Meteorological,Extreme temperature,Heat wave,,,Germany,DEU,Western Europe,Europe,"Dresden city (Dresden district, Sachsen province), Brombach lake (Mittelfranken district, Bayern province)",,,,,,,,,°C,,,,,2006,7,15,2006,7,23,2,,,,,,,,,,,74.39638749,2,,16530;16560,"Dresden, Mittelfranken (Adm2)."
2006-0383-ESP,2006,383,,Natural,Meteorological,Extreme temperature,Heat wave,,,Spain,ESP,Southern Europe,Europe,"Cataluña/Catalunya, Comunitat Valenciana provinces",,,,,,,,40,°C,,,,,2006,7,15,2006,8,4,21,,,,,,,,,,,74.39638749,1,2724;2726,,"Cataluña/Catalunya, Comunitat Valenciana (Adm1)."
2006-0383-FRA,2006,383,,Natural,Meteorological,Extreme temperature,Heat wave,,,France,FRA,Western Europe,Europe,"Alsace, Aquitaine, Auvergne, Basse-Normandie, Bourgogne, Bretagne, Centre, Champagne-Ardenne, Corse, Franche-Compte, Haute-Normandie, Ile-de-France, Languedoc-Rousillon, Limousin, Lorraine, Nord-Pas-de-Calais, Pays-de-la-Loire, Picardie, Poitou-Charentes, Provence-Alpes-Côte-D'azur, Rhône-Alpes, Midi-Pyrénées provinces",,,,,,,,37,°C,,,,,2006,7,15,2006,7,23,1388,,,,,,,,,,,74.39638749,1,1248;1249;1250;1251;1252;1253;1254;1255;1256;1257;1258;1259;1260;1262;1263;1264;1265;1266;1267;1268;1269;1270,,"Alsace, Aquitaine, Auvergne, Basse-Normandie, Bourgogne, Bretagne, Centre, Champagne-Ardenne, Corse, Franche-Comte, Haute-Normandie, Ile-de-France, Languedoc-Rousillon, Limousin, Lorraine, Midi-Pyrenees, Nord-Pas-de-Calais, Pays-de-la-Loire, Picardie, Poitou-Charentes, Provence-Alpes-Cote-d'Azur, Rhone-Alpes (Adm1)."
2006-0237-IND,2006,237,,Natural,Meteorological,Extreme temperature,Heat wave,,,India,IND,Southern Asia,Asia,"Uttar Pradesh, Orissa, Punjab, Delhi provinces",,,,,,,,,°C,,,,,2006,5,,2006,5,,47,,,,,,,,,,,74.39638749,1,1489;1504;1505;70081,,"Delhi, Orissa, Punjab, Uttar Pradesh (Adm1)."
2005-0347-PAK,2005,347,,Natural,Meteorological,Extreme temperature,Heat wave,,,Pakistan,PAK,Southern Asia,Asia,"Punjab, Sindh, Balochistan provinces",,,,,,,,50,°C,,,,,2005,6,13,2005,6,28,106,200,,,200,,,,,,,72.07141045,1,2272;2276;2277,,"Balochistan, Punjab, Sindh (Adm1)."
2005-0820-PRT,2005,820,,Natural,Meteorological,Extreme temperature,Heat wave,,,Portugal,PRT,Southern Europe,Europe,"Aveiro, Beja, Braga, Braganca, Castelo Branco, Coimbra, Evora, Faro, Guarda, Leiria, Lisboa, Portalegre, Porto, Santarem, Setubal, Viana Do Castelo, Vila Real, Viseu",,,,,,,,,°C,,,,,2005,6,,2005,8,,462,,,,,,,,,,,72.07141045,1,2386;2387;2388;2389;2390;2391;2392;2393;2394;2405;2406;2407;2408;2409;2410;2411;2412;2413,,"Aveiro, Beja, Braga, Braganca, Castelo Branco, Coimbra, Evora, Faro, Guarda, Leiria, Lisboa, Portalegre, Porto, Santarem, Setubal, Viana Do Castelo, Vila Real, Viseu (Adm1)."
2005-0756-ROU,2005,756,,Natural,Meteorological,Extreme temperature,Heat wave,,,Romania,ROU,Eastern Europe,Europe,Bucuresti province,,,,,,,,36,°C,,,,,2005,7,27,2005,8,1,13,500,,,500,,,,,,,72.07141045,1,2455,,Bucuresti (Adm1).
2005-0687-USA,2005,687,,Natural,Meteorological,Extreme temperature,Heat wave,,,United States of America (the),USA,Northern America,Americas,"Arizona, Nevada, Oklahoma, Utah, Missouri, Kentucky, Ohio, Mississippi provinces",,,,,,,,47,°C,,,,,2005,7,4,2005,7,30,33,31,,,31,,,,,,,72.07141045,1,3216;3231;3238;3239;3242;3249;3250;3258,,"Arizona, Kentucky, Mississippi, Missouri, Nevada, Ohio, Oklahoma, Utah (Adm1)."
2006-0383-NLD,2006,383,,Natural,Meteorological,Extreme temperature,Heat wave,,,Netherlands (the),NLD,Western Europe,Europe,"Drenthe, Flevoland, Friesland, Gelderland, Groninge, Limburg, Noord-brabant, Noord-holland,Overijssel, Utrecht, Zeeland, Zuit-holland provinces",,,,,,,,34,°C,,,,,2006,7,15,2006,7,23,1000,,,,,,,,,,,74.39638749,1,2158;2159;2160;2161;2162;2163;2164;2165;2166;2167;2168;2169,,"Drenthe, Flevoland, Friesland, Gelderland, Groningen, Limburg, Noord-brabant, Noord-holland, Overijssel, Utrecht, Zeeland, Zuid-holland (Adm1)."
2006-0254-PAK,2006,254,,Natural,Meteorological,Extreme temperature,Heat wave,,,Pakistan,PAK,Southern Asia,Asia,"Punjab, Sindh, Balotchistan provinces",,,,,,,,50,°C,,,,,2006,5,,2006,5,,84,100,,,100,,,,,,,74.39638749,1,2272;2276;2277,,"Balochistan, Punjab, Sindh (Adm1)."
2006-0383-PRT,2006,383,,Natural,Meteorological,Extreme temperature,Heat wave,,,Portugal,PRT,Southern Europe,Europe,"Aveiro, Beja, Braga, Braganca, Castelo Branco, Coimbra, Evora, Faro, Guadra, Leiria, Lisboa, Portoalegre, Porto, Santarem, Setubal, Viana Do Castelo, Vila Real, Viseu provinces",,,,,,,,,°C,,,,,2006,7,,2006,7,,41,,,,,,,,,,,74.39638749,1,2386;2387;2388;2389;2390;2391;2392;2393;2394;2405;2406;2407;2408;2409;2410;2411;2412;2413,,"Aveiro, Beja, Braga, Braganca, Castelo Branco, Coimbra, Evora, Faro, Guarda, Leiria, Lisboa, Portalegre, Porto, Santarem, Setubal, Viana Do Castelo, Vila Real, Viseu (Adm1)."
2006-0348-ROU,2006,348,,Natural,Meteorological,Extreme temperature,Heat wave,,,Romania,ROU,Eastern Europe,Europe,"Bucarest, Galati, Mehedinti provinces",,,,,,,,36,°C,,,,,2006,6,29,2006,7,,26,200,,,200,,,,,,,74.39638749,1,2455;2464;2472,,"Bucuresti, Galati, Mehedinti (Adm1)."
2006-0387-USA,2006,387,,Natural,Meteorological,Extreme temperature,Heat wave,,,United States of America (the),USA,Northern America,Americas,"Modesto city (Stanislaus district, California province)",,,,,,,,50,°C,,,,,2006,7,14,2006,8,15,164,,,,,,,,,,,74.39638749,2,,28914,Stanislaus (Adm2).
2006-0427-USA,2006,427,,Natural,Meteorological,Extreme temperature,Heat wave,,,United States of America (the),USA,Northern America,Americas,New York province,,,,,,Yes,,44,°C,,,,,2006,7,30,2006,8,6,24,,,,,,,,,,,74.39638749,1,3246,,New York (Adm1).
2007-0235-BGR,2007,235,HT-2007-000106,Natural,Meteorological,Extreme temperature,Heat wave,,,Bulgaria,BGR,Eastern Europe,Europe,"Blagoevgrad, Burgas, Dobrich, Gabrovo, Haskovo, Jambol, Kardzhali, Kustendil, Lovech, Montana, Pazardzhik, Pernik, Pleven, Plovdiv, Razgrad, Ruse, Shumen, Silistra, Sliven, Smoljan, Sofia, Sofia-city, Stara Zagora, Targovishte, Varna, Veliko Tarnovo, Vidin, Vratca provinces",,Wildfire,Drought,,,Yes,,46,°C,,,,,2007,6,,2007,7,,2,50,,,50,,,,,,,76.5186792,1,702;703;704;705;706;707;708;709;710;711;712;713;714;715;716;717;718;719;720;721;722;723;724;725;726;727;728;729,,"Blagoevgrad, Burgas, Dobrich, Gabrovo, Haskovo, Jambol, Kardzhali, Kustendil, Lovech, Montana, Pazardzhik, Pernik, Pleven, Plovdiv, Razgrad, Ruse, Shumen, Silistra, Sliven, Smoljan, Sofia, Sofia-city, Stara Zagora, Targovishte, Varna, Veliko Tarnovo, Vidin, Vratca (Adm1)."
2007-0235-GRC,2007,235,HT-2007-000106,Natural,Meteorological,Extreme temperature,Heat wave,,,Greece,GRC,Southern Europe,Europe,"Corfu Isl. (kerkyras district, Ionioi Nisoi province), Sterea Ellada, Peloponnisos, Thessalia, Dytiki Ellada, Attiki, Notio Aigaio province",,Wildfire,,,,,,46,°C,,,,,2007,6,,2007,7,,16,,,,,,,,,,,76.5186792,1;2,1337;1338;1345;1346;1347;40766,16689,"Attiki, Dytiki Ellada, Notio Aigaio, Peloponnisos, Sterea Ellada, Thessalia (Adm1). Kerkyras (Adm2)."
2007-0235-ALB,2007,235,HT-2007-000106,Natural,Meteorological,Extreme temperature,Heat wave,,,Albania,ALB,Southern Europe,Europe,"Berat, Bulqize, Delvine, Devoll, Diber, Durres, Elbasan, Fier, Gjirokastër, Gramsh, Has, Kavaje, Kolonjë, Korce, Krujë, Kucove, Kukës, Kurbin, Lezhë, Librazhd, Lushnjë, Malesi E Madhe, Mallakaster, Mat, Mirditë, Peqin, Permet, Pogradec, Puke, Sarandë, Shkoder, Skrapar, Tepelenë, Tirane, Tropojë, Vlore provinces",,,,,,,,,°C,,,,,2007,7,15,2007,7,22,,,150,,150,,,,,,,76.5186792,1,305;306;307;308;309;310;311;312;313;314;315;316;317;318;319;320;321;322;323;324;325;326;327;328;329;330;331;332;333;334;335;336;337;338;339;340,,"Berat, Bulqize, Delvine, Devoll, Diber, Durres, Elbasan, Fier, Gjirokaster, Gramsh, Has, Kavaje, Kolonje, Korce, Kruje, Kucove, Kukes, Kurbin, Lezhe, Librazhd, Lushnje, Malesi E Madhe, Mallakaster, Mat, Mirdite, Peqin, Permet, Pogradec, Puke, Sarande, Shkoder, Skrapar, Tepelene, Tirane, Tropoje, Vlore (Adm1)."
2007-0235-AUT,2007,235,HT-2007-000106,Natural,Meteorological,Extreme temperature,Heat wave,,,Austria,AUT,Western Europe,Europe,"Burgenland, Karnten, Niederosterreich, Steiermark, Wien provinces",,,,,,,,39,°C,,,,,2007,7,,2007,7,,5,,,,,,,,,,,76.5186792,1,478;479;480;483;486,,"Burgenland, Karnten, Niederosterreich, Steiermark, Wien (Adm1)."
2007-0235-BIH,2007,235,HT-2007-000106,Natural,Meteorological,Extreme temperature,Heat wave,,,Bosnia and Herzegovina,BIH,Southern Europe,Europe,"Stolac, Trebinje, Bileca districts (Republika Srpska), Neum, Citluk, Capljina cities (Neretvljanski, Federacija Bosne I Hercegovine province)",,,,,,,,,°C,,,,,2007,7,15,2007,7,22,,,,,,,,,,,,76.5186792,2,,6242;6253;6310;6315,"Bileca, Neretvljanski, Stolac, Trebinje (Adm2)."
2007-0235-CYP,2007,235,HT-2007-000106,Natural,Meteorological,Extreme temperature,Heat wave,,,Cyprus,CYP,Western Asia,Asia,"Famgusta, Kyrenia, Larnaca, Limassol, Nicosia, Paphos provinces",,,,,,,,42,°C,,,,,2007,6,,2007,7,,4,,,,,,,,,,,76.5186792,1,1024;1025;1026;1027;1028;1029,,"Famgusta, Kyrenia, Larnaca, Limassol, Nicosia, Paphos (Adm1)."
2007-0235-HUN,2007,235,HT-2007-000106,Natural,Meteorological,Extreme temperature,Heat wave,,,Hungary,HUN,Eastern Europe,Europe,"Bacs-kiskun, Baranya, Bekes, Borsod-abauj-zemplen, Budapest, Csongrad, Fejer, Gyor-moson-sopron, Hajdu-bihar, Heves, Jasz-nagykun-szolnok, Komarom-esztergom, Nograd, Pest, Somogy, Szabolcs-szatmar-bereg, Tolna, Vas, Veszprem, Zala provinces",,,,,,,,42,°C,,,,,2007,7,,2007,7,,500,,,,,,,,,,,76.5186792,1,1440;1441;1442;1443;1444;1445;1446;1447;1448;1449;1450;1451;1452;1453;1454;1455;1456;1457;1458;1459,,"Bacs-kiskun, Baranya, Bekes, Borsod-abauj-zemplen, Budapest, Csongrad, Fejer, Gyor-moson-sopron, Hajdu-bihar, Heves, Jasz-nagykun-szolnok, Komarom-esztergom, Nograd, Pest, Somogy, Szabolcs-szatmar-bereg, Tolna, Vas, Veszprem, Zala (Adm1)."
2007-0207-IND,2007,207,,Natural,Meteorological,Extreme temperature,Heat wave,,,India,IND,Southern Asia,Asia,"Uttar Pradesh, Rajasthan, Punjab, Delhi provinces",,,,,,,,45,°C,,,,,2007,4,,2007,6,,72,,,,,,,,,,,76.5186792,1,1489;1505;1506;70081,,"Delhi, Punjab, Rajasthan, Uttar Pradesh (Adm1)."
2007-0235-ROU,2007,235,HT-2007-000106,Natural,Meteorological,Extreme temperature,Heat wave,,,Romania,ROU,Eastern Europe,Europe,"Caras-severin, Dolj, Olt, Teleorman, Giurgiu, Bucuresti, Iasi provinces",,Drought,,,,,,45,°C,,,,,2007,6,,2007,7,,30,,,,,,,,,,,76.5186792,1,2455;2458;2463;2465;2470;2475;2481,,"Bucuresti, Caras-severin, Dolj, Giurgiu, Iasi, Olt, Teleorman (Adm1)."
2007-0235-ITA,2007,235,HT-2007-000106,Natural,Meteorological,Extreme temperature,Heat wave,,,Italy,ITA,Southern Europe,Europe,"Calabria, Sicilia, Trentino-alto Adige provinces",,Wildfire,,,,,,45,°C,,,,,2007,6,,2007,6,,6,,,,,,,,,,,76.5186792,1,1618;1630;1632,,"Calabria, Sicilia, Trentino-alto Adige (Adm1)."
2007-0235-MKD,2007,235,HT-2007-000106,Natural,Meteorological,Extreme temperature,Heat wave,,,Macedonia (the former Yugoslav Republic of),MKD,Southern Europe,Europe,Bitola district (Bitola province),,Wildfire,,,,Yes,,45,°C,,,,,2007,7,,2007,7,,,,202,,202,,,,,,,76.5186792,2,,27200,Bitola (Adm2).
2007-0235-TUR,2007,235,HT-2007-000106,Natural,Meteorological,Extreme temperature,Heat wave,,,Turkey,TUR,Western Asia,Asia,"Burdur, Sinop provinces",,Wildfire,,,,,,43,°C,,,,,2007,6,,2007,6,,3,,,,,,,,,,,76.5186792,1,3036;3085,,"Burdur, Sinop (Adm1)."
2007-0358-JPN,2007,358,,Natural,Meteorological,Extreme temperature,Heat wave,,,Japan,JPN,Eastern Asia,Asia,"Aiti, Ehime, Gifu, Gunma, Hirosima, Hukui, Hukuoka, Hukusima, Hyoogo, Ibaraki, Isikawa, Kagawa, Kagosima, Kanagawa, Kooti, Kumamoto, Kyooto, Mie, Miyagi, Miyazaki, Nagano, Nagasaki, Nara, Niigata, Okayama, Okinawa, Ooita, Oosaka, Saga, Saitama, Siga, Simane, Sizuoka, Tiba, Tokusima, Tookyoo, Totigi, Tottori, Toyama, Wakayama, Yamagata, Yamaguti, Yamanasi provinces",,,,,,,,41,°C,,,,,2007,8,,2007,8,17,62,3000,,,3000,,,,,,,76.5186792,1,1651;1654;1655;1656;1657;1658;1659;1660;1662;1663;1664;1666;1667;1668;1669;1670;1671;1672;1673;1674;1675;1676;1677;1678;1679;1680;1681;1682;1683;1684;1685;1686;1687;1688;1689;1690;1691;1692;1693;1694;1695;1696;1697,,"Aiti, Ehime, Gifu, Gunma, Hirosima, Hukui, Hukuoka, Hukusima, Hyoogo, Ibaraki, Isikawa, Kagawa, Kagosima, Kanagawa, Kooti, Kumamoto, Kyooto, Mie, Miyagi, Miyazaki, Nagano, Nagasaki, Nara, Niigata, Okayama, Okinawa, Ooita, Oosaka, Saga, Saitama, Siga, Simane, Sizuoka, Tiba, Tokusima, Tookyoo, Totigi, Tottori, Toyama, Wakayama, Yamagata, Yamaguti, Yamanasi (Adm1)."
2007-0235-SVK,2007,235,HT-2007-000106,Natural,Meteorological,Extreme temperature,Heat wave,,,Slovakia,SVK,Eastern Europe,Europe,"Banska Bystrica, Bratislava, Kosice, Nitra, Presov, Trencin, Trnava, Zilna provinces",,,,,,,,40,°C,,,,,2007,7,,2007,7,,1,89,,,89,,,,,,,76.5186792,1,2667;2668;2669;2670;2671;2672;2673;2674,,"Banska Bystrica, Bratislava, Kosice, Nitra, Presov, Trencin, Trnava, Zilna (Adm1)."
2008-0662-JPN,2008,662,,Natural,Meteorological,Extreme temperature,Heat wave,,,Japan,JPN,Eastern Asia,Asia,All country,,,,,,,,,°C,,,,,2008,7,,2008,7,,47,,,,,,,,,,,79.4563044,1,1651;1652;1653;1654;1655;1656;1657;1658;1659;1660;1661;1662;1663;1664;1665;1666;1667;1668;1669;1670;1671;1672;1673;1674;1675;1676;1677;1678;1679;1680;1681;1682;1683;1684;1685;1686;1687;1688;1689;1690;1691;1692;1693;1694;1695;1696;1697,,"Aiti, Akita, Aomori, Ehime, Gifu, Gunma, Hirosima, Hokkaidoo, Hukui, Hukuoka, Hukusima, Hyoogo, Ibaraki, Isikawa, Iwate, Kagawa, Kagosima, Kanagawa, Kooti, Kumamoto, Kyooto, Mie, Miyagi, Miyazaki, Nagano, Nagasaki, Nara, Niigata, Okayama, Okinawa, Ooita, Oosaka, Saga, Saitama, Siga, Simane, Sizuoka, Tiba, Tokusima, Tookyoo, Totigi, Tottori, Toyama, Wakayama, Yamagata, Yamaguti, Yamanasi (Adm1)."
2007-0235-SRB,2007,235,HT-2007-000106,Natural,Meteorological,Extreme temperature,Heat wave,,,Serbia,SRB,Southern Europe,Europe,"Borski, Branicevski, Grad Beograd, Jablanicki, Juzno-backi, Juzno-banatski, Kolubarski, Kosovski, Kosovsko-mitrovatski, Kosovsko-pomoravski, Macvanski, Moravicki, Nisavski, Pcinjski, Pecki, Pirotski, Podunavski, Pomoravski, Prizremski, Rasinski, Raski, Severno-backi, Severno-banatski, Srednje-banatski, Sremski, Sumadijski, Toplicki, Zajecarski, Zapadno-backi, Zlatiborski provinces",,Wildfire,,,,,,45,°C,,,,,2007,7,,2007,7,,,,,,,,,,,,,76.5186792,1,25371;25372;25373;25374;25375;25376;25377;25378;25379;25380;25381;25382;25383;25384;25385;25386;25387;25388;25389;25390;25391;25392;25393;25394;25395;25396;25397;25398;25399;25400,,"Borski, Branicevski, Grad Beograd, Jablanicki, Juzno-backi, Juzno-banatski, Kolubarski, Kosovski, Kosovsko-mitrovatski, Kosovsko-pomoravski, Macvanski, Moravicki, Nisavski, Pcinjski, Pecki, Pirotski, Podunavski, Pomoravski, Prizremski, Rasinski, Raski, Severno-backi, Severno-banatski, Srednje-banatski, Sremski, Sumadijski, Toplicki, Zajecarski, Zapadno-backi, Zlatiborski (Adm1)."
2009-0616-AUS,2009,616,,Natural,Meteorological,Extreme temperature,Heat wave,,,Australia,AUS,Australia and New Zealand,Oceania,"Victoria, New South wales (South), Tasmania (Northern) provinces",,,,,,,,49,°C,,,,,2009,1,27,2009,2,8,347,2000,,,2000,,,,,,,79.17380276,1,470;475;476,,"New South Wales, Tasmania, Victoria (Adm1)."
2009-0175-IND,2009,175,,Natural,Meteorological,Extreme temperature,Heat wave,,,India,IND,Southern Asia,Asia,"Orissa, West Bengal, Bihar, Uttar Pradesh, Jharkhand, Andhra Pradesh provinces",,,,,,,,48,°C,,,,,2009,4,14,2009,6,26,120,25,,,25,,,,,,,79.17380276,1,1485;1504;1511;70073;70078;70081,,"Andhra Pradesh, Bihar, Jharkhand, Orissa, Uttar Pradesh, West Bengal (Adm1)."
2010-0057-BRA,2010,57,,Natural,Meteorological,Extreme temperature,Heat wave,,,Brazil,BRA,South America,Americas,"Cariocas borough (Nova Lima district, Minas Gerais province), Santos district (Sao Paulo province)",,,,,,,,46,°C,,,,,2010,2,,2010,2,,32,,,,,,,,,,,80.47228515,2,,8390;11523,"Nova Lima, Santos (Adm2)."
2010-0206-IND,2010,206,,Natural,Meteorological,Extreme temperature,Heat wave,,,India,IND,Southern Asia,Asia,"Delhi, Haryana, Madhya Pradesh, Orissa, Rajasthan, Uttar Pradesh provinces",,,,,,,,49,°C,,,,,2010,3,,2010,5,,250,,,,,,,,,,,80.47228515,1,1489;1492;1504;1506;70079;70081,,"Delhi, Haryana, Madhya Pradesh, Orissa, Rajasthan, Uttar Pradesh (Adm1)."
2009-0658-JPN,2009,658,,Natural,Meteorological,Extreme temperature,Heat wave,,,Japan,JPN,Eastern Asia,Asia,All country,,,,,,,,,°C,,,,,2009,7,,2009,7,,16,,,,,,,,,,,79.17380276,1,1651;1652;1653;1654;1655;1656;1657;1658;1659;1660;1661;1662;1663;1664;1665;1666;1667;1668;1669;1670;1671;1672;1673;1674;1675;1676;1677;1678;1679;1680;1681;1682;1683;1684;1685;1686;1687;1688;1689;1690;1691;1692;1693;1694;1695;1696;1697,,"Aiti, Akita, Aomori, Ehime, Gifu, Gunma, Hirosima, Hokkaidoo, Hukui, Hukuoka, Hukusima, Hyoogo, Ibaraki, Isikawa, Iwate, Kagawa, Kagosima, Kanagawa, Kooti, Kumamoto, Kyooto, Mie, Miyagi, Miyazaki, Nagano, Nagasaki, Nara, Niigata, Okayama, Okinawa, Ooita, Oosaka, Saga, Saitama, Siga, Simane, Sizuoka, Tiba, Tokusima, Tookyoo, Totigi, Tottori, Toyama, Wakayama, Yamagata, Yamaguti, Yamanasi (Adm1)."
2010-0331-JPN,2010,331,,Natural,Meteorological,Extreme temperature,Heat wave,,,Japan,JPN,Eastern Asia,Asia,"Aiti, Ehime, Gifu, Gunma, Hirosima, Hukui, Hukuoka, Hukusima, Hyoogo, Ibaraki, Isikawa, Kagawa, Kagosima, Kanagawa, Kooti, Kumamoto, Kyooto, Mie, Miyagi, Miyazaki, Nagano, Nagasaki, Nara, Niigata, Okayama, Okinawa, Ooita, Oosaka, Saga, Saitama, Siga, Simane, Sizuoka, Tiba, Tokusima, Tookyoo, Totigi, Tottori, Toyama, Wakayama, Yamagata, Yamaguti, Yamanasi provinces",,,,,,,,35,°C,,,,,2010,7,19,2010,7,25,170,,15000,,15000,,,,,,,80.47228515,1,1651;1654;1655;1656;1657;1658;1659;1660;1662;1663;1664;1666;1667;1668;1669;1670;1671;1672;1673;1674;1675;1676;1677;1678;1679;1680;1681;1682;1683;1684;1685;1686;1687;1688;1689;1690;1691;1692;1693;1694;1695;1696;1697,,"Aiti, Ehime, Gifu, Gunma, Hirosima, Hukui, Hukuoka, Hukusima, Hyoogo, Ibaraki, Isikawa, Kagawa, Kagosima, Kanagawa, Kooti, Kumamoto, Kyooto, Mie, Miyagi, Miyazaki, Nagano, Nagasaki, Nara, Niigata, Okayama, Okinawa, Ooita, Oosaka, Saga, Saitama, Siga, Simane, Sizuoka, Tiba, Tokusima, Tookyoo, Totigi, Tottori, Toyama, Wakayama, Yamagata, Yamaguti, Yamanasi (Adm1)."
2010-0372-RUS,2010,372,,Natural,Meteorological,Extreme temperature,Heat wave,,,Russian Federation (the),RUS,Eastern Europe,Europe,"Moska, Moskovskaya Oblast, Volgogradskaya Oblast, Lipetskaya Oblast, Voronezhskaya Oblast provinces",,,,,,,,40,°C,,,,,2010,6,,2010,8,,55736,,,,,,,,,400000,497066,80.47228515,1,2530;2534;2535;2572;2574,,"Lipetskaya Oblast, Moskovskaya Oblast, Moskva, Volgogradskaya Oblast, Voronezhskaya Oblast (Adm1)."
2011-0264-USA,2011,264,,Natural,Meteorological,Extreme temperature,Heat wave,,,United States of America (the),USA,Northern America,Americas,"New York, Washington, Texas, Ohio, Maine, Iowa, Illinois, Minnesota, Nebraska, Wisconsin, South Dakota provinces",,,,,,,,50,°C,,,,,2011,7,19,2011,7,22,22,,,,,,,,,,,83.01267439,1,3227;3229;3233;3237;3241;3246;3249;3255;3257;3261;3263,,"Illinois, Iowa, Maine, Minnesota, Nebraska, New York, Ohio, South Dakota, Texas, Washington, Wisconsin (Adm1)."
2013-0365-BOL,2013,365,,Natural,Meteorological,Extreme temperature,Heat wave,,,Bolivia (Plurinational State of),BOL,South America,Americas,"Cocapata village (Ayopaya district, Cochabamba province), Quime village (Inquisivi district, La Paz province), Tinquipaya areas (Tomas Frias district, Potosi province), Uncía, Llallagua areas (Rafael Bustillo district, Potosi province), Colquechaca area (Chayanta district, Potosi province), Tomave area (Antonio Quijarro district, Potosi province)",,,,,,,,,°C,,,,,2013,8,,2013,8,,18,,17490,,17490,,,,,,,85.97164225,2,,40465;40484;40508;40510;40519;40522,"Antonio Quijarro, Ayopaya, Chayanta, Inquisivi, Rafael Bustillo, Tomas Frias (Adm2)."
2013-0549-GBR,2013,549,,Natural,Meteorological,Extreme temperature,Heat wave,,,United Kingdom of Great Britain and Northern Ireland (the),GBR,Northern Europe,Europe,"England, Wales provinces",,,,,,,,40,°C,,,,,2013,7,,2013,7,,760,,,,,,,,,,,85.97164225,1,3182;3186,,"England, Wales (Adm1)."
2011-0329-ITA,2011,329,,Natural,Meteorological,Extreme temperature,Heat wave,,,Italy,ITA,Southern Europe,Europe,"Milano district (Lombardia province), Torino district (Piemonte province), Trieste district (Friuli-venezia Giulia province), Verona district (Veneto province), Messina district (Sicilia province), Roma district (Lazio province), Napoli district (Campania province)",,,,,,,,47,°C,,,,,2011,8,17,2011,8,24,10,,,,,,,,,,,83.01267439,2,,18332;18345;18350;18363;18378;18394;18419,"Messina, Milano, Napoli, Roma, Torino, Trieste, Verona (Adm2)."
2011-0573-JPN,2011,573,,Natural,Meteorological,Extreme temperature,Heat wave,,,Japan,JPN,Eastern Asia,Asia,"Aiti, Ehime, Gifu, Gunma, Hirosima, Hukui, Hukuoka, Hukusima, Hyoogo, Ibaraki, Isikawa, Kagawa, Kagosima, Kanagawa, Kooti, Kumamoto, Kyooto, Mie, Miyagi, Miyazaki, Nagano, Nagasaki, Nara, Niigata, Okayama, Okinawa, Ooita, Oosaka, Saga, Saitama, Siga, Simane, Sizuoka, Tiba, Tokusima, Tookyoo, Totigi, Tottori, Toyama, Wakayama, Yamagata, Yamaguti, Yamanasi provinces",,,,,,,,35,°C,,,,,2011,7,,2011,8,,36,22000,,,22000,,,,,,,83.01267439,1,1651;1654;1655;1656;1657;1658;1659;1660;1662;1663;1664;1666;1667;1668;1669;1670;1671;1672;1673;1674;1675;1676;1677;1678;1679;1680;1681;1682;1683;1684;1685;1686;1687;1688;1689;1690;1691;1692;1693;1694;1695;1696;1697,,"Aiti, Ehime, Gifu, Gunma, Hirosima, Hukui, Hukuoka, Hukusima, Hyoogo, Ibaraki, Isikawa, Kagawa, Kagosima, Kanagawa, Kooti, Kumamoto, Kyooto, Mie, Miyagi, Miyazaki, Nagano, Nagasaki, Nara, Niigata, Okayama, Okinawa, Ooita, Oosaka, Saga, Saitama, Siga, Simane, Sizuoka, Tiba, Tokusima, Tookyoo, Totigi, Tottori, Toyama, Wakayama, Yamagata, Yamaguti, Yamanasi (Adm1)."
2013-0208-IND,2013,208,,Natural,Meteorological,Extreme temperature,Heat wave,,,India,IND,Southern Asia,Asia,"Adilabad, East Godavari, Guntur, Karimnagar, Khammam, Krishna, Nalgonda, Nizamabad, Prakasam, Vishakhapatnam, Warangal, West Godavari districts (Andhra Pradesh province)",,,,,,,,46,°C,,,,,2013,4,1,2013,5,30,557,,,,,,,,,,,85.97164225,2,,17547;17551;17552;17554;17555;17556;17560;17562;17563;17566;17568;17569,"Adilabad, East Godavari, Guntur, Karimnagar, Khammam, Krishna, Nalgonda, Nizamabad, Prakasam, Vishakhapatnam, Warangal, West Godavari (Adm2)."
2013-0316-JPN,2013,316,,Natural,Meteorological,Extreme temperature,Heat wave,,,Japan,JPN,Eastern Asia,Asia,"Ehime, Kagawa, Kooti, Tokusima provinces (Shikoko Isl.), Hukuoka, Kagosima, Kumamoto, Miyazaki, Nagasaki, Ooita, Saga provinces (Kyushu Isl.), Oosaka, Kyooto provinces (Honshu Isl.), Kobe city (Hyoogo province) (Honshu Isl.)",,,,,,,,41,°C,,,,,2013,5,,2013,9,,338,54000,,,54000,,,,,,,85.97164225,1,1654;1656;1662;1666;1667;1669;1670;1671;1674;1676;1679;1682;1683;1689,,"Ehime, Hukuoka, Hyoogo, Kagawa, Kagosima, Kooti, Kumamoto, Kyooto, Miyazaki, Nagasaki, Ooita, Oosaka, Saga, Tokusima (Adm1)."
2012-0214-USA,2012,214,,Natural,Meteorological,Extreme temperature,Heat wave,,,United States of America (the),USA,Northern America,Americas,"District of Columbia, Iowa, Virginia, North Carolina provinces",,,,,,,,40,°C,,,,,2012,6,30,2012,7,19,123,,,,,,,,,,,84.7304789,1,3222;3229;3247;3260,,"District of Columbia, Iowa, North Carolina, Virginia (Adm1)."
2013-0582-CHN,2013,582,,Natural,Meteorological,Extreme temperature,Heat wave,,,China,CHN,Eastern Asia,Asia,Shanghai Shi province,,,,,,,,,°C,,,,,2013,7,1,2013,8,15,40,,,,,,,,,,,85.97164225,1,922,,Shanghai Shi (Adm1).
2014-0010-AUS,2014,10,,Natural,Meteorological,Extreme temperature,Heat wave,,,Australia,AUS,Australia and New Zealand,Oceania,"Western Australia, Victoria provinces",,,,,,,,52,°C,,,,,2014,1,13,2014,1,18,139,,,,,,,,,,,87.36629784,1,476;477,,"Victoria, Western Australia (Adm1)."
2015-0410-BEL,2015,410,,Natural,Meteorological,Extreme temperature,Heat wave,,,Belgium,BEL,Western Europe,Europe,"Vlaams Gewest, Region de Bruxelles-Capitale / Brussels Hoofdstedelijk Gewes, Region wallonne provinces",,,,,,,,,°C,,,,,2015,6,30,2015,7,5,410,,,,,,,,,,,87.46993221,1,600;601;602,,"Region de Bruxelles-Capitale / Brussels Hoofdstedelijk Gewes, Region wallonne, Vlaams Gewest (Adm1)."
2015-0342-EGY,2015,342,,Natural,Meteorological,Extreme temperature,Heat wave,,,Egypt,EGY,Northern Africa,Africa,"Cairo, Qena provinces ; Marsa Matruh district (Matrouh province)",,,,,,,,47,°C,,,,,2015,8,9,2015,8,9,110,66,,,66,,,,,,,87.46993221,1;2,61515;61531,65838,"Cairo, Qena (Adm1). Marsa Matruh (Adm2)."
2015-0410-FRA,2015,410,,Natural,Meteorological,Extreme temperature,Heat wave,,,France,FRA,Western Europe,Europe,"Alsace, Aquitaine, Auvergne, Basse-Normandie, Bourgogne, Bretagne, Centre, Champagne-Ardenne, Corse, Franche-Compte, Haute-Normandie, Ile-de-France, Languedoc-Rousillon, Limousin, Lorraine, Nord-Pas-de-Calais, Pays-de-la-Loire, Picardie, Poitou-Charentes, Provence-Alpes-Côte-D'azur, Rhône-Alpes, Midi-Pyrénées provinces",,,,,,,,40,°C,,,,,2015,6,29,2015,8,9,3275,,,,,,,,,,,87.46993221,1,1248;1249;1250;1251;1252;1253;1254;1255;1256;1257;1258;1259;1260;1262;1263;1264;1265;1266;1267;1268;1269;1270,,"Alsace, Aquitaine, Auvergne, Basse-Normandie, Bourgogne, Bretagne, Centre, Champagne-Ardenne, Corse, Franche-Comte, Haute-Normandie, Ile-de-France, Languedoc-Rousillon, Limousin, Lorraine, Midi-Pyrenees, Nord-Pas-de-Calais, Pays-de-la-Loire, Picardie, Poitou-Charentes, Provence-Alpes-Cote-d'Azur, Rhone-Alpes (Adm1)."
2014-0546-PAK,2014,546,,Natural,Meteorological,Extreme temperature,Heat wave,,,Pakistan,PAK,Southern Asia,Asia,"Mithi, Chachro, Dahli, Diplo, Islamkot, Nagarparkar regions (Tharparkar district, Sindh province)",,Drought,,,,,,,°C,,,,,2014,1,,2014,4,30,139,,,,,,,,,18000,20603,87.36629784,2,,40405,Tharparkar District (Adm2).
2014-0578-JPN,2014,578,,Natural,Meteorological,Extreme temperature,Heat wave,,,Japan,JPN,Eastern Asia,Asia,"Aiti, Ehime, Gifu, Gunma, Hirosima, Hukui, Hukuoka, Hukusima, Hyoogo, Ibaraki, Isikawa, Kagawa, Kagosima, Kanagawa, Kooti, Kumamoto, Kyooto, Mie, Miyagi, Miyazaki, Nagano, Nagasaki, Nara, Niigata, Okayama, Okinawa, Ooita, Oosaka, Saga, Saitama, Siga, Simane, Sizuoka, Tiba, Tokusima, Tookyoo, Totigi, Tottori, Toyama, Wakayama, Yamagata, Yamaguti, Yamanasi provinces",,,,,,,,39,°C,,,,,2014,7,14,2014,7,29,27,17000,,,17000,,,,,,,87.36629784,1,1651;1654;1655;1656;1657;1658;1659;1660;1662;1663;1664;1666;1667;1668;1669;1670;1671;1672;1673;1674;1675;1676;1677;1678;1679;1680;1681;1682;1683;1684;1685;1686;1687;1688;1689;1690;1691;1692;1693;1694;1695;1696;1697,,"Aiti, Ehime, Gifu, Gunma, Hirosima, Hukui, Hukuoka, Hukusima, Hyoogo, Ibaraki, Isikawa, Kagawa, Kagosima, Kanagawa, Kooti, Kumamoto, Kyooto, Mie, Miyagi, Miyazaki, Nagano, Nagasaki, Nara, Niigata, Okayama, Okinawa, Ooita, Oosaka, Saga, Saitama, Siga, Simane, Sizuoka, Tiba, Tokusima, Tookyoo, Totigi, Tottori, Toyama, Wakayama, Yamagata, Yamaguti, Yamanasi (Adm1)."
2015-0189-IND,2015,189,,Natural,Meteorological,Extreme temperature,Heat wave,,,India,IND,Southern Asia,Asia,"Delhi, Andhra Pradesh, Orissa provinces",,,,,,,,48,°C,,,,,2015,5,20,2015,5,31,2248,,,,,,,,,,,87.46993221,1,1485;1489;1504,,"Andhra Pradesh, Delhi, Orissa (Adm1)."
2015-0575-JPN,2015,575,,Natural,Meteorological,Extreme temperature,Heat wave,,,Japan,JPN,Eastern Asia,Asia,"Oosaka province, Tokyo, Saitama",,,,,,,,,°C,,,,,2015,8,3,2015,8,9,32,11187,,,11187,,,,,,,87.46993221,1,1682;1684;1690,,"Oosaka, Saitama, Tookyoo (Adm1)."
2015-0610-JPN,2015,610,,Natural,Meteorological,Extreme temperature,Heat wave,,,Japan,JPN,Eastern Asia,Asia,Entire country,,,,,,,,,°C,,,,,2015,5,11,2015,5,,2,480,,,480,,,,,,,87.46993221,1,1651;1652;1653;1654;1655;1656;1657;1658;1659;1660;1661;1662;1663;1664;1665;1666;1667;1668;1669;1670;1671;1672;1673;1674;1675;1676;1677;1678;1679;1680;1681;1682;1683;1684;1685;1686;1687;1688;1689;1690;1691;1692;1693;1694;1695;1696;1697,,"Aiti, Akita, Aomori, Ehime, Gifu, Gunma, Hirosima, Hokkaidoo, Hukui, Hukuoka, Hukusima, Hyoogo, Ibaraki, Isikawa, Iwate, Kagawa, Kagosima, Kanagawa, Kooti, Kumamoto, Kyooto, Mie, Miyagi, Miyazaki, Nagano, Nagasaki, Nara, Niigata, Okayama, Okinawa, Ooita, Oosaka, Saga, Saitama, Siga, Simane, Sizuoka, Tiba, Tokusima, Tookyoo, Totigi, Tottori, Toyama, Wakayama, Yamagata, Yamaguti, Yamanasi (Adm1)."
2015-0611-JPN,2015,611,,Natural,Meteorological,Extreme temperature,Heat wave,,,Japan,JPN,Eastern Asia,Asia,"Funabashi (Chiba Prefecture), Isesaki City, Tatebayashi (Gunma Prefecture), Tokyo, Iwate, Yagamata",,,,,,,,,°C,,,,,2015,7,12,2015,7,15,5,3200,,,3200,,,,,,,87.46993221,1,1659;1665;1690;1693;1695,,"Gunma, Iwate, Tiba, Tookyoo, Yamagata (Adm1)."
2015-0232-PAK,2015,232,,Natural,Meteorological,Extreme temperature,Heat wave,,,Pakistan,PAK,Southern Asia,Asia,"Sindh, Punjab provinces",,,,,,Yes,,45,°C,,,,,2015,6,18,2015,6,24,1229,,80000,,80000,,,,,,,87.46993221,1,2276;2277,,"Punjab, Sindh (Adm1)."
2015-0393-SDN,2015,393,,Natural,Meteorological,Extreme temperature,Heat wave,,,Sudan (the),SDN,Northern Africa,Africa,Wadi Halfa district (Northern province),,,,,,,,47,°C,,,,,2015,8,13,2015,8,15,16,,,,,,,,,,,87.46993221,2,,37093,Wadi Halfa (Adm2).
2016-0133-IND,2016,133,,Natural,Meteorological,Extreme temperature,Heat wave,,,India,IND,Southern Asia,Asia,"Andhra Pradesh, Rajasthan, Orissa, Bihar, Jharkhand, Tamil Nadu, Uttar Pradesh provinces",,,,,,,,51,°C,,,,,2016,4,1,2016,5,20,300,,,,,,,,,,,88.57345288,1,1485;1504;1506;1508;70073;70078;70081,,"Andhra Pradesh, Bihar, Jharkhand, Orissa, Rajasthan, Tamil Nadu, Uttar Pradesh (Adm1)."
2016-0036-ZAF,2016,36,,Natural,Meteorological,Extreme temperature,Heat wave,,,South Africa,ZAF,Southern Africa,Africa,Ngaka Modiri Molema (North West province),,,,,,,,45,°C,,,,,2016,1,1,2016,1,10,11,20,,,20,,,,,,,88.57345288,2,,77347,Ngaka Modiri Molema District Municipality (Adm2).
2018-0459-AUS,2018,459,,Natural,Meteorological,Extreme temperature,Heat wave,,,Australia,AUS,Australia and New Zealand,Oceania,,,,,,,,,49,°C,,,,,2018,12,,2019,1,,,,,,,,,,,,,92.6696698,,,,
2018-0235-BEL,2018,235,,Natural,Meteorological,Extreme temperature,Heat wave,,,Belgium,BEL,Western Europe,Europe,,,,,,,,,,°C,,,,,2018,7,,2018,7,,,,,,,,,,,,,92.6696698,,,,
2018-0195-CAN,2018,195,,Natural,Meteorological,Extreme temperature,Heat wave,,,Canada,CAN,Northern America,Americas,"Gatineau, Montréal, Joliette, Saint-Hyacinthe, Saint-Jean-sur-Richelieu, Drummondville, Sherbrooke ,Outaouais, Laurentides, Lanaudière, Victoriaville Trois-Rivières, Québec, La Malbaie, Kamouraska, l’Abitibi-Témiscamingue, Saguenay—Lac-Saint-Jean (Quebec)",,,,,,,,37,°C,,,,,2018,6,29,2018,7,5,70,,,,,,,,,,,92.6696698,2,,12698;12708;12709;12711;12712;12713;12714;12717;12718;12719;12720;12723;12724;12727;12731;12735;12737;12739;12743;12745;12747;12750;12755;12758;12759;12760;12764;12767;12769;12773;12777;12778;12788,"Arthabaska, Charlevoix, Charlevoix-Est, D'Autray, Drummond, Francheville, Gatineau, Joliette, Kamouraska, L'??le-d'Orl??ans, L'Assomption, La C??te-de-Beaupr??, La Jacques-Cartier, La Tuque, La Vall??e-de-la-Gatineau, Lac-Saint-Jean-Est, Le Haut-Richelieu, Le Saguenay-et-son-Fjord, Les Collines-de-l'Outaouais, Les Laurentides, Les Maskoutains, Les Moulins, M??kinac, Maskinong??, Matawinie, Montcalm, Montreal, Papineau, Pontiac, Qu??bec, Shawinigan, Sherbrooke, T??miscamingue (Adm2)."
2018-0235-DEU,2018,235,,Natural,Meteorological,Extreme temperature,Heat wave,,,Germany,DEU,Western Europe,Europe,,,,,,,,,38,°C,,,,,2018,7,,2018,7,,,,,,,,,,,,,92.6696698,,,,
2018-0235-ESP,2018,235,,Natural,Meteorological,Extreme temperature,Heat wave,,,Spain,ESP,Southern Europe,Europe,,,,,,,,,47,°C,,,,,2018,8,,2018,8,,9,,,,,,,,,,,92.6696698,,,,
2018-0235-FRA,2018,235,,Natural,Meteorological,Extreme temperature,Heat wave,,,France,FRA,Western Europe,Europe,,,,,,,,,38,°C,,,,,2018,7,,2018,7,,,,,,,,,,,,,92.6696698,,,,
2018-0235-GBR,2018,235,,Natural,Meteorological,Extreme temperature,Heat wave,,,United Kingdom of Great Britain and Northern Ireland (the),GBR,Northern Europe,Europe,,,,,,,,,33,°C,,,,,2018,7,,2018,7,,,,,,,,,,,,,92.6696698,,,,
2016-0538-JPN,2016,538,,Natural,Meteorological,Extreme temperature,Heat wave,,,Japan,JPN,Eastern Asia,Asia,"Yamanashi, Kawanehoncho,Shizuoka",,,,,,,,,°C,,,,,2016,8,6,2016,8,8,3,490,,,490,,,,,,,88.57345288,1,1687;1697,,"Sizuoka, Yamanasi (Adm1)."
2017-0144-IND,2017,144,,Natural,Meteorological,Extreme temperature,Heat wave,,,India,IND,Southern Asia,Asia,"Andhra Pradesh, Telangana, Maharashtra, Odisha (Orissa)",,,,,,,,48,°C,,,,,2017,4,12,2017,6,15,264,,,,,,,,,,,90.46017931,1,1485;1498;1504,,"Andhra Pradesh, Maharashtra, Orissa (Adm1)."
2018-0256-PRK,2018,256,HT-2018-000126,Natural,Meteorological,Extreme temperature,Heat wave,,,Korea (the Democratic People's Republic of),PRK,Eastern Asia,Asia,"Kumya county (South Hamgyong Province); Sinyang, Songchon counties (South Pyongan province)",,Drought,,,,,,38,°C,,,,,2018,7,11,2018,8,3,,,13768,,13768,,,,,,,92.6696698,2,,39560;39672;39673,"Kumya, Sinyang, Songchan (Adm2)."
2018-0235-ITA,2018,235,,Natural,Meteorological,Extreme temperature,Heat wave,,,Italy,ITA,Southern Europe,Europe,,,,,,,,,40,°C,,,,,2018,8,,2018,8,,,,,,,,,,,,,92.6696698,,,,
2018-0226-JPN,2018,226,,Natural,Meteorological,Extreme temperature,Heat wave,,,Japan,JPN,Eastern Asia,Asia,Kumagaya (Saitama Prefecture),,,,,,,,41,°C,,,,,2018,7,1,2018,7,15,119,49000,,,49000,,,,,,,92.6696698,2,,35947,Kumagayasi (Adm2).
2018-0226-KOR,2018,226,,Natural,Meteorological,Extreme temperature,Heat wave,,,Korea (the Republic of),KOR,Eastern Asia,Asia,,,,,,,,,,°C,,,,,2018,7,,2018,7,,,,,,,,,,,,,92.6696698,,,,
2018-0235-NLD,2018,235,,Natural,Meteorological,Extreme temperature,Heat wave,,,Netherlands (the),NLD,Western Europe,Europe,,,,,,,,,,°C,,,,,2018,7,,2018,7,,,,,,,,,,,,,92.6696698,,,,
2018-0143-PAK,2018,143,,Natural,Meteorological,Extreme temperature,Heat wave,,,Pakistan,PAK,Southern Asia,Asia,Karachi,,,,,,,,42,°C,,,,,2018,5,18,2018,5,22,180,,,,,,,,,,,92.6696698,2,,40392;40393;40394;40395,"Karachi Central District, Karachi East District, Karachi South District, Karachi West District (Adm2)."
2018-0235-PRT,2018,235,,Natural,Meteorological,Extreme temperature,Heat wave,,,Portugal,PRT,Southern Europe,Europe,,,,,,,,,45,°C,,,,,2018,8,,2018,8,,,,,,,,,,,,,92.6696698,,,,
2019-0217-IND,2019,217,,Natural,Meteorological,Extreme temperature,Heat wave,,,India,IND,Southern Asia,Asia,"Patna, Gaya, Bhagalpur cities; Aurangabad, Nawada districts (Bihar)",,,,,,,,42,°C,,,,,2019,6,,2019,6,,90,,,,,,,,,,,94.3490925,2,,17596;17601;17616;17619;17786,"Aurangabad, Bhagalpur, Gaya, Nawada, Patna (Adm2)."
2019-0223-IND,2019,223,,Natural,Meteorological,Extreme temperature,Heat wave,,,India,IND,Southern Asia,Asia,"Karnataka, Maharashtra, Madhya Pradesh, Rajasthan, Uttar Pradesh states",,,,,,,,,°C,,,,,2019,6,,2019,6,,22,450,,,450,,,,,,,94.3490925,1,1494;1498;1506;70079;70081,,"Karnataka, Madhya Pradesh, Maharashtra, Rajasthan, Uttar Pradesh (Adm1)."
2019-0366-AUT,2019,366,,Natural,Meteorological,Extreme temperature,Heat wave,,,Austria,AUT,Western Europe,Europe,,,,,,,,,,°C,,,,,2019,7,24,2019,7,26,1,,,,,,,,,,,94.3490925,,,,
2019-0296-BEL,2019,296,,Natural,Meteorological,Extreme temperature,Heat wave,,,Belgium,BEL,Western Europe,Europe,,,,,,,,,35,°C,,,,,2019,6,21,2020,7,1,128,,,,,,,,,,,94.3490925,1,600;601;602,,"Region de Bruxelles-Capitale / Brussels Hoofdstedelijk Gewes, Region wallonne, Vlaams Gewest (Adm1)."
2019-0366-BEL,2019,366,,Natural,Meteorological,Extreme temperature,Heat wave,,,Belgium,BEL,Western Europe,Europe,,,,,,,,,41,°C,,,39.7,,2019,7,19,2019,7,27,400,,,,,,,,,,,94.3490925,,,,
2019-0650-BEL,2019,650,,Natural,Meteorological,Extreme temperature,Heat wave,,,Belgium,BEL,Western Europe,Europe,,,,,,,,,35,°C,,,,,2019,8,23,2019,8,29,188,,,,,,,,,,,94.3490925,,,,
2019-0296-DEU,2019,296,,Natural,Meteorological,Extreme temperature,Heat wave,,,Germany,DEU,Western Europe,Europe,,,,,,,,,39,°C,,,,,2019,6,24,2019,6,30,4,,,,,,,,,,,94.3490925,1,1308,,Baden-Wuerttemberg (Adm1).
2019-0366-DEU,2019,366,,Natural,Meteorological,Extreme temperature,Heat wave,,,Germany,DEU,Western Europe,Europe,,,,,,,,,42,°C,,,,,2019,7,24,2019,7,25,,,,,,,,,,,,94.3490925,,,,
2020-0530-BEL,2020,530,,Natural,Meteorological,Extreme temperature,Heat wave,,,Belgium,BEL,Western Europe,Europe,,,,,,,,,,°C,,,,,2020,8,5,2020,8,8,1460,,,,,,,,,,,95.51296742,1,600;601;602,,"Region de Bruxelles-Capitale / Brussels Hoofdstedelijk Gewes, Region wallonne, Vlaams Gewest (Adm1)."
2021-0369-CAN,2021,369,,Natural,Meteorological,Extreme temperature,Heat wave,,,Canada,CAN,Northern America,Americas,British Columbia,,Wildfire,,,,,,50,°C,,,,,2021,6,26,2021,7,,815,,,,,,,,,,,100,1,826,,British Columbia / Colombie-Britannique (Adm1).
2019-0296-ESP,2019,296,,Natural,Meteorological,Extreme temperature,Heat wave,,,Spain,ESP,Southern Europe,Europe,"Cordoba, Valladolid",,,,,,,,,°C,,,,,2019,6,26,2019,6,30,2,,,,,,,,,,,94.3490925,2,,25778;25799,"C??rdoba, Valladolid (Adm2)."
2019-0296-FRA,2019,296,,Natural,Meteorological,Extreme temperature,Heat wave,,,France,FRA,Western Europe,Europe,"Vaucluse, Bouches-du-Rhône, Hérault, Gard",,,,,,,,46,°C,,,,,2019,6,24,2019,7,7,567,,,,,,,,,,,94.3490925,2,,16287,Herault (Adm2).
2019-0366-FRA,2019,366,,Natural,Meteorological,Extreme temperature,Heat wave,,,France,FRA,Western Europe,Europe,Toute la France métropolitaine (excepté l'ouest de la Bretagne et la Corse),,,,,,,,44,°C,,,,,2019,7,21,2019,7,27,868,,,,,,,,,,,94.3490925,,,,
2019-0296-GBR,2019,296,,Natural,Meteorological,Extreme temperature,Heat wave,,,United Kingdom of Great Britain and Northern Ireland (the),GBR,Northern Europe,Europe,"Cornwall, Manchester",,,,,,,,,°C,,,,,2019,6,26,2019,6,30,5,,,,,,,,,,,94.3490925,2,,40101;40111,"Cornwall, Greater Manchest (Adm2)."
2019-0650-GBR,2019,650,,Natural,Meteorological,Extreme temperature,Heat wave,,,United Kingdom of Great Britain and Northern Ireland (the),GBR,Northern Europe,Europe,,,,,,,,,39,°C,,,,,2019,7,21,2019,8,29,,,,,,,,,,,,94.3490925,,,,
2019-0296-ITA,2019,296,,Natural,Meteorological,Extreme temperature,Heat wave,,,Italy,ITA,Southern Europe,Europe,"Marche Region, Veneto Region, Milan",,,,,,,,,°C,,,,,2019,6,26,2019,6,30,3,,,,,,,,,,,94.3490925,1;2,1625;1635,18363,"Marche, Veneto (Adm1). Milano (Adm2)."
2019-0463-JPN,2019,463,,Natural,Meteorological,Extreme temperature,Heat wave,,,Japan,JPN,Eastern Asia,Asia,,,,,,,,,30,°C,,,,,2019,7,29,2019,8,8,162,18347,,,18347,,,,,,,94.3490925,,,,
2019-0467-JPN,2019,467,,Natural,Meteorological,Extreme temperature,Heat wave,,,Japan,JPN,Eastern Asia,Asia,,,,,,,,,,°C,,,,,2019,7,22,2019,7,30,11,5600,,,5600,,,,,,,94.3490925,,,,
2019-0366-NLD,2019,366,,Natural,Meteorological,Extreme temperature,Heat wave,,,Netherlands (the),NLD,Western Europe,Europe,,,,,,,,,40,°C,,,,,2019,7,22,2019,7,27,400,,,,,,,,,,,94.3490925,,,,
2020-0530-FRA,2020,530,,Natural,Meteorological,Extreme temperature,Heat wave,,,France,FRA,Western Europe,Europe,,,,,,,,,,°C,,,,,2020,7,30,2020,8,16,1924,,,,,,,,,,,95.51296742,1,1248;1249;1250;1251;1252;1253;1254;1255;1256;1257;1258;1259;1260;1262;1263;1264;1265;1266;1267;1268;1269;1270,,"Alsace, Aquitaine, Auvergne, Basse-Normandie, Bourgogne, Bretagne, Centre, Champagne-Ardenne, Corse, Franche-Comte, Haute-Normandie, Ile-de-France, Languedoc-Rousillon, Limousin, Lorraine, Midi-Pyrenees, Nord-Pas-de-Calais, Pays-de-la-Loire, Picardie, Poitou-Charentes, Provence-Alpes-Cote-d'Azur, Rhone-Alpes (Adm1)."
2020-0530-GBR,2020,530,,Natural,Meteorological,Extreme temperature,Heat wave,,,United Kingdom of Great Britain and Northern Ireland (the),GBR,Northern Europe,Europe,,,,,,,,,,°C,,,,,2020,6,,2020,8,,2556,,,,,,,,,,,95.51296742,1,3182;3183;3184;3186,,"England, Northern Ireland, Scotland, Wales (Adm1)."
2020-0530-NLD,2020,530,,Natural,Meteorological,Extreme temperature,Heat wave,,,Netherlands (the),NLD,Western Europe,Europe,,,,,,,,,,°C,,,,,2020,8,5,2020,8,16,400,,,,,,,,,,,95.51296742,1,2158;2159;2160;2161;2162;2163;2164;2165;2166;2167;2168;2169,,"Drenthe, Flevoland, Friesland, Gelderland, Groningen, Limburg, Noord-brabant, Noord-holland, Overijssel, Utrecht, Zeeland, Zuid-holland (Adm1)."
2021-0390-USA,2021,390,,Natural,Meteorological,Extreme temperature,Heat wave,,,United States of America (the),USA,Northern America,Americas,"Oregon, Washington, Northern California, Idaho, Western Nevada",,,,,,,,47,°C,,,,,2021,6,26,2021,6,30,229,,,,,,,,,,,100,1,3218;3226;3242;3251;3261,,"California, Idaho, Nevada, Oregon, Washington (Adm1)."
2022-0465-ALB,2022,465,,Natural,Meteorological,Extreme temperature,Heat wave,,,Albania,ALB,Southern Europe,Europe,,,,,,,,,,°C,,,,,2022,5,30,2022,9,4,,,,,,,,,,,,100,,,,
2022-0465-AUT,2022,465,,Natural,Meteorological,Extreme temperature,Heat wave,,,Austria,AUT,Western Europe,Europe,,,,,,,,,36,°C,,,,,2022,5,30,2022,9,4,,,,,,,,,,,,100,,,,
2022-0465-BEL,2022,465,,Natural,Meteorological,Extreme temperature,Heat wave,,,Belgium,BEL,Western Europe,Europe,,,,,,,,,40,°C,,,,,2022,5,30,2022,9,4,,,,,,,,,,,,100,,,,
2022-0465-BGR,2022,465,,Natural,Meteorological,Extreme temperature,Heat wave,,,Bulgaria,BGR,Eastern Europe,Europe,,,,,,,,,,°C,,,,,2022,5,30,2022,9,4,,,,,,,,,,,,100,,,,
2022-0465-CHE,2022,465,,Natural,Meteorological,Extreme temperature,Heat wave,,,Switzerland,CHE,Western Europe,Europe,,,,,,,,,38,°C,,,,,2022,5,30,2022,9,4,,,,,,,,,,,,100,,,,
2022-0465-CYP,2022,465,,Natural,Meteorological,Extreme temperature,Heat wave,,,Cyprus,CYP,Western Asia,Asia,,,,,,,,,,°C,,,,,2022,5,30,2022,9,30,,,,,,,,,,,,100,,,,
2022-0465-CZE,2022,465,,Natural,Meteorological,Extreme temperature,Heat wave,,,Czech Republic (the),CZE,Eastern Europe,Europe,,,,,,,,,,°C,,,,,2022,5,30,2022,9,4,,,,,,,,,,,,100,,,,
2022-0465-DEU,2022,465,,Natural,Meteorological,Extreme temperature,Heat wave,,,Germany,DEU,Western Europe,Europe,,,,,,,,,40,°C,,,,,2022,5,30,2022,9,4,8173,,,,,,,,,,,100,,,,
2022-0465-DNK,2022,465,,Natural,Meteorological,Extreme temperature,Heat wave,,,Denmark,DNK,Northern Europe,Europe,"Abed, Stokkemarke Parish, Lolland, Copenhagen, Vordingborg",,,,,,,,36,°C,,,,,2022,5,30,2022,9,4,,,,,,,,,,,,100,,,,
2022-0465-ESP,2022,465,,Natural,Meteorological,Extreme temperature,Heat wave,,,Spain,ESP,Southern Europe,Europe,,,,,,,,,43,°C,,,,,2022,5,30,2022,9,4,11324,,,,,,,,,,,100,,,,
2022-0465-EST,2022,465,,Natural,Meteorological,Extreme temperature,Heat wave,,,Estonia,EST,Northern Europe,Europe,,,,,,,,,,°C,,,,,2022,5,30,2022,9,4,,,,,,,,,,,,100,,,,
2022-0465-FIN,2022,465,,Natural,Meteorological,Extreme temperature,Heat wave,,,Finland,FIN,Northern Europe,Europe,,,,,,,,,33,°C,,,,,2022,5,30,2022,9,4,,,,,,,,,,,,100,,,,
2022-0465-FRA,2022,465,,Natural,Meteorological,Extreme temperature,Heat wave,,,France,FRA,Western Europe,Europe,,,,,,,,,42,°C,,,,,2022,5,30,2022,9,4,4807,20000,,,20000,,,,,,,100,,,,
2022-0465-GBR,2022,465,,Natural,Meteorological,Extreme temperature,Heat wave,,,United Kingdom of Great Britain and Northern Ireland (the),GBR,Northern Europe,Europe,,,,,,,,,40,°C,,,,,2022,5,30,2022,9,4,3469,,,,,,,,,,,100,,,,
2022-0465-GRC,2022,465,,Natural,Meteorological,Extreme temperature,Heat wave,,,Greece,GRC,Southern Europe,Europe,,,,,,,,,42,°C,,,,,2022,5,30,2022,9,4,,,,,,,,,,,,100,,,,
2022-0465-HRV,2022,465,,Natural,Meteorological,Extreme temperature,Heat wave,,,Croatia,HRV,Southern Europe,Europe,"Zagreb, Osijek, Karlovac, Slavonski Brod, Knin, Valopovo",,,,,,,,40,°C,,,,,2022,5,30,2022,9,4,,,,,,,,,,,,100,1,990;992;997;1002;1007,,"Grad Zagreb, Karlovac, Osijek-baranja, Slavonski Brod-posav, Zadar-knin (Adm1)."
2022-0465-HUN,2022,465,,Natural,Meteorological,Extreme temperature,Heat wave,,,Hungary,HUN,Eastern Europe,Europe,,,,,,,,,42,°C,,,,,2022,5,30,2022,9,4,,,,,,,,,,,,100,,,,
2022-0248-IND,2022,248,,Natural,Meteorological,Extreme temperature,Heat wave,,,India,IND,Southern Asia,Asia,"Maharashtra State, West Rajasthan",,,,,,,,45,°C,,,,,2022,3,,2022,4,,25,,,,,,,,,,,100,,,,
2022-0465-IRL,2022,465,,Natural,Meteorological,Extreme temperature,Heat wave,,,Ireland,IRL,Northern Europe,Europe,,,,,,,,,33,°C,,,,,2022,5,30,2022,9,4,,,,,,,,,,,,100,,,,
2022-0465-ITA,2022,465,,Natural,Meteorological,Extreme temperature,Heat wave,,,Italy,ITA,Southern Europe,Europe,,,,,,,,,41,°C,,,,,2022,5,30,2022,9,4,,,,,,,,,,,,100,,,,
2022-0423-JPN,2022,423,,Natural,Meteorological,Extreme temperature,Heat wave,,,Japan,JPN,Eastern Asia,Asia,"Gunma, Tochigi, Yamanashi, Aichi, Tokyo",,,,,,,,37,°C,,,,,2022,6,20,2022,7,1,80,14300,,,14300,,,,,,,100,1,1659,,Gunma (Adm1).
2022-0470-KGZ,2022,470,,Natural,Meteorological,Extreme temperature,Heat wave,,,Kyrgyzstan,KGZ,Central Asia,Asia,"Osh, Kara-Suu town, Jalalabad city, Kadamjay district in Batken oblast",,,,,,,,41,°C,,,,,2022,7,18,2022,7,25,,,13850,,13850,,,,,,,100,1;2,1748,18593;18620,"Jalal-Abad (Adm1). Kadamjay, Kara-Suu (Adm2)."
2022-0423-KOR,2022,423,,Natural,Meteorological,Extreme temperature,Heat wave,,,Korea (the Republic of),KOR,Eastern Asia,Asia,,,,,,,,,,°C,,,,,2022,7,1,2022,7,2,2,355,,,355,,,,,,,100,,,,
2022-0465-NLD,2022,465,,Natural,Meteorological,Extreme temperature,Heat wave,,,Netherlands (the),NLD,Western Europe,Europe,,,,,,,,,40,°C,,,,,2022,5,30,2022,9,4,,,,,,,,,,,,100,,,,
2022-0465-NOR,2022,465,,Natural,Meteorological,Extreme temperature,Heat wave,,,Norway,NOR,Northern Europe,Europe,,,,,,,,,34,°C,,,,,2022,5,30,2022,9,30,,,,,,,,,,,,100,,,,
2022-0248-PAK,2022,248,,Natural,Meteorological,Extreme temperature,Heat wave,,,Pakistan,PAK,Southern Asia,Asia,,,,,,,,,50,°C,,,,,2022,3,,2022,4,,,,,,,,,,,,,100,,,,
2022-0465-POL,2022,465,,Natural,Meteorological,Extreme temperature,Heat wave,,,Poland,POL,Eastern Europe,Europe,,,,,,,,,38,°C,,,,,2022,5,30,2022,9,4,,,,,,,,,,,,100,,,,
2022-0465-PRT,2022,465,,Natural,Meteorological,Extreme temperature,Heat wave,,,Portugal,PRT,Southern Europe,Europe,,,,,,,,,47,°C,,,,,2022,5,30,2022,9,4,2212,,,,,,,,,,,100,,,,
2022-0465-ROU,2022,465,,Natural,Meteorological,Extreme temperature,Heat wave,,,Romania,ROU,Eastern Europe,Europe,,,,,,,,,39,°C,,,,,2022,5,30,2022,9,4,,,,,,,,,,,,100,,,,
2022-0465-SVK,2022,465,,Natural,Meteorological,Extreme temperature,Heat wave,,,Slovakia,SVK,Eastern Europe,Europe,,,,,,,,,37,°C,,,,,2022,5,30,2022,9,4,,,,,,,,,,,,100,,,,
2022-0465-SVN,2022,465,,Natural,Meteorological,Extreme temperature,Heat wave,,,Slovenia,SVN,Southern Europe,Europe,,,,,,,,,41,°C,,,,,2022,5,30,2022,9,4,,,,,,,,,,,,100,,,,
2022-0465-SWE,2022,465,,Natural,Meteorological,Extreme temperature,Heat wave,,,Sweden,SWE,Northern Europe,Europe,,,,,,,,,37,°C,,,,,2022,5,30,2022,9,30,,,,,,,,,,,,100,,,,
2022-0465-SRB,2022,465,,Natural,Meteorological,Extreme temperature,Heat wave,,,Serbia,SRB,Southern Europe,Europe,,,,,,,,,40,°C,,,,,2022,5,30,2022,9,4,,,,,,,,,,,,100,,,,
2023-0364-USA,2023,364,,Natural,Meteorological,Extreme temperature,Heat wave,,,United States of America (the),USA,Northern America,Americas,"Texas, Louisiana, Florida, Arizona, New Mexico, Kansas, Oklahoma, and southern California",,Pollution,,,,,,57,°C,,,,,2023,6,,2023,7,,14,,,,,,,,,,,,1,3216;3218;3223;3230;3232;3245;3250;3257,,"Arizona, California, Florida, Kansas, Louisiana, New Mexico, Oklahoma, Texas (Adm1)."
2023-0234-IND,2023,234,,Natural,Meteorological,Extreme temperature,Heat wave,,,India,IND,Southern Asia,Asia,Maharashtra state,,,,,,,,38,°C,,,,,2023,4,,2023,4,,11,330,,,330,,,,,,,,,,,
2023-0328-IND,2023,328,,Natural,Meteorological,Extreme temperature,Heat wave,,,India,IND,Southern Asia,Asia,Uttar Pradesh and Bihar,,,,,,,,45,°C,,,,,2023,6,15,2023,6,23,98,,,,,,,,,,,,,,,
